Species,PPFD,FvFm_mean,qP,qL,qN,NPQ,phiPSII,phiNPQ,phiNO_new
Sphagnum,95.874,0.547045576,0.899258488,0.832813419,0.299203619,0.204243671,0.453008637,0.090358314,0.457381827
Sphagnum,166.4185,0.546423493,0.864754565,0.784321642,0.435611128,0.32515406,0.414726557,0.140283153,0.444166654
Sphagnum,236.963,0.54742339,0.802921026,0.707051053,0.566408539,0.470785206,0.366440196,0.197846612,0.433581608
Sphagnum,307.5075,0.547603229,0.728990003,0.623711407,0.662278759,0.601478533,0.319406445,0.248888297,0.427537543
Sphagnum,378.052,0.547671901,0.658974592,0.551262775,0.737263349,0.719933671,0.279447036,0.293429568,0.421514065
Sphagnum,448.5965,0.547714529,0.590474169,0.484587053,0.790516921,0.814406936,0.244134686,0.330124387,0.418721156
Sphagnum,519.141,0.547966386,0.5431121,0.443389583,0.848195965,0.926477782,0.217371914,0.366647039,0.407867271
Sphagnum,589.6855,0.548728772,0.496423297,0.400916674,0.868979643,0.975763074,0.197369389,0.385839483,0.407864356
Sphagnum,660.23,0.548729566,0.466905507,0.375169265,0.886791568,1.021183603,0.183590747,0.400506715,0.40529743
Sphagnum,730.7745,0.548329318,0.448076434,0.35809389,0.906535712,1.065703397,0.173881031,0.413493974,0.401437088
Sphagnum,871.8635,0.548709916,0.416616736,0.332855154,0.932692337,1.13874278,0.158977982,0.433823509,0.394452836
Sphagnum,1012.9525,0.548651187,0.397576895,0.316902649,0.944871177,1.173883012,0.149908864,0.443936553,0.391999806
Sphagnum,1154.0415,0.549295217,0.393242492,0.31385839,0.9541088,1.205454691,0.147950425,0.450036361,0.387724738
Sphagnum,1295.1305,0.548513314,0.391376077,0.311724702,0.958819725,1.220242448,0.145976183,0.452472412,0.385960168
Sphagnum,1436.2195,0.548497411,0.368341911,0.292228679,0.960969119,1.229296151,0.137207278,0.457637035,0.388064768
Sphagnum,95.874,0.491120442,0.814755165,0.732694625,0.295961531,0.183465535,0.371103035,0.093180336,0.537353569
Sphagnum,166.4185,0.488191842,0.790060515,0.705393606,0.372493903,0.24161725,0.348873783,0.119981256,0.527825033
Sphagnum,236.963,0.489578239,0.749915487,0.660796244,0.472832047,0.324793563,0.32121372,0.158032852,0.51394625
Sphagnum,307.5075,0.489668661,0.707161352,0.615865553,0.549521491,0.405014792,0.294273973,0.191539226,0.50246794
Sphagnum,378.052,0.489672703,0.6618223,0.570356492,0.61523704,0.482499935,0.267912934,0.223094339,0.492822428
Sphagnum,448.5965,0.492306698,0.615979907,0.524063651,0.666456452,0.551898159,0.245066898,0.250516013,0.485944034
Sphagnum,519.141,0.491191087,0.589731459,0.501538941,0.706279865,0.610642229,0.228902599,0.271096802,0.477521108
Sphagnum,589.6855,0.49227764,0.562098117,0.473941398,0.716050795,0.63361132,0.217411284,0.280397269,0.47793214
Sphagnum,660.23,0.492373387,0.541308415,0.45340288,0.725680313,0.652890948,0.208176367,0.287940353,0.477831845
Sphagnum,730.7745,0.493571671,0.513447214,0.427273289,0.740472398,0.680757552,0.19628153,0.298814776,0.476801921
Sphagnum,871.8635,0.492780591,0.491113415,0.405791758,0.749153426,0.697257795,0.186534245,0.305646651,0.47814068
Sphagnum,1012.9525,0.49327195,0.467920805,0.383792457,0.746757829,0.708883058,0.177403871,0.309292538,0.479899928
Sphagnum,1154.0415,0.494032949,0.451573964,0.36795013,0.739210728,0.706495244,0.171837145,0.309413517,0.483936911
Sphagnum,1295.1305,0.495802148,0.450031806,0.365944483,0.736897063,0.706594064,0.171215536,0.308482821,0.483959647
Sphagnum,1436.2195,0.494133217,0.418132688,0.335808206,0.719510741,0.6846693,0.159628661,0.305968607,0.496849153
Sphagnum,95.874,0.567935692,0.839412035,0.744226857,0.345087789,0.266047754,0.432022568,0.11389435,0.447147715
Sphagnum,166.4185,0.565712831,0.791315943,0.691321093,0.47345264,0.401199612,0.387054631,0.167539259,0.434800641
Sphagnum,236.963,0.563136572,0.739751064,0.638102971,0.596134421,0.560022781,0.342467849,0.224675513,0.419052981
Sphagnum,307.5075,0.563717093,0.691736214,0.589395297,0.674339174,0.69090691,0.308732249,0.268424671,0.406961111
Sphagnum,378.052,0.563000571,0.646070803,0.543273902,0.719382832,0.780465814,0.280686155,0.297418908,0.401663394
Sphagnum,448.5965,0.563783104,0.614141738,0.513306519,0.746953804,0.84155825,0.262969757,0.317404893,0.397864035
Sphagnum,519.141,0.562534858,0.577704998,0.479663821,0.777264108,0.905644304,0.242779358,0.339128979,0.394524835
Sphagnum,589.6855,0.563522825,0.5563855,0.459186388,0.787138881,0.930847489,0.232647929,0.347857886,0.394625808
Sphagnum,660.23,0.562765681,0.526027537,0.429270654,0.7829389,0.930279746,0.220306298,0.351743191,0.400957355
Sphagnum,730.7745,0.563174534,0.513422495,0.418032349,0.787007489,0.941549659,0.214251343,0.356769777,0.401359807
Sphagnum,871.8635,0.562749588,0.491576035,0.39610076,0.789893669,0.950602295,0.204476726,0.361564924,0.40476654
Sphagnum,1012.9525,0.562797922,0.480974846,0.386104775,0.782915817,0.944956155,0.200521923,0.361153427,0.407840031
Sphagnum,1154.0415,0.561817789,0.456745059,0.363356163,0.774911272,0.924310238,0.1906226,0.360587933,0.416705035
Sphagnum,1295.1305,0.561748675,0.458284382,0.364548248,0.77462084,0.927204403,0.191187209,0.359984354,0.415953119
Sphagnum,1436.2195,0.561064276,0.441959591,0.348288339,0.762327097,0.908814269,0.184611493,0.356663975,0.423103486
Sphagnum,95.874,0.500110361,0.801934846,0.716905321,0.315120032,0.204002176,0.369695242,0.101666948,0.516834006
Sphagnum,166.4185,0.498628487,0.771444367,0.682551191,0.412284206,0.282022105,0.342727161,0.137086014,0.503712439
Sphagnum,236.963,0.497923993,0.73621865,0.6454623,0.519002555,0.381882685,0.313426779,0.179486821,0.488511392
Sphagnum,307.5075,0.497461529,0.698104855,0.606838466,0.595670619,0.47291299,0.287019659,0.215067615,0.476310954
Sphagnum,378.052,0.496311179,0.650444171,0.558640699,0.653550325,0.542857775,0.260361369,0.244258698,0.472130577
Sphagnum,448.5965,0.49815545,0.606251027,0.51533726,0.696136024,0.604256866,0.238662007,0.269131206,0.467777368
Sphagnum,519.141,0.496195785,0.587566069,0.499928096,0.737877772,0.665143193,0.225422025,0.289282904,0.458311218
Sphagnum,589.6855,0.497570257,0.561337652,0.473414074,0.744114642,0.680069598,0.215252968,0.296854412,0.460581809
Sphagnum,660.23,0.495882224,0.526923619,0.441616603,0.756150339,0.696947747,0.200290575,0.306412577,0.464278545
Sphagnum,730.7745,0.494343509,0.520320846,0.435930613,0.762362626,0.704576935,0.196257486,0.30937237,0.464509888
Sphagnum,871.8635,0.495288714,0.489969097,0.405976251,0.763606969,0.713197941,0.185181464,0.314977686,0.469065514
Sphagnum,1012.9525,0.493441526,0.485174372,0.402603939,0.753513583,0.704383873,0.182726575,0.310919248,0.472246964
Sphagnum,1154.0415,0.493119189,0.461919527,0.381266606,0.762105751,0.720524397,0.1731663,0.318825146,0.473352832
Sphagnum,1295.1305,0.493746066,0.457124785,0.375585567,0.749997273,0.703615623,0.17207315,0.313527804,0.478688423
Sphagnum,1436.2195,0.49253046,0.441148138,0.359877617,0.742315882,0.686784558,0.166325808,0.31196462,0.486611991
Sphagnum,95.874,0.543436796,0.86965442,0.798994308,0.33993648,0.238819539,0.430981536,0.106270148,0.458900077
Sphagnum,166.4185,0.54325068,0.861018862,0.786433646,0.476281137,0.368814027,0.405323908,0.154324773,0.434695897
Sphagnum,236.963,0.541437709,0.795143392,0.712523055,0.681386362,0.626306478,0.341306424,0.243706159,0.406229786
Sphagnum,307.5075,0.54103218,0.737095673,0.651950051,0.811319999,0.860014672,0.294332551,0.311244458,0.381017873
Sphagnum,378.052,0.542584727,0.649216599,0.562136649,0.902779701,1.071744468,0.245540997,0.372143634,0.365423052
Sphagnum,448.5965,0.543766413,0.612013905,0.528045596,0.958059858,1.223867859,0.223580548,0.407282911,0.350996144
Sphagnum,519.141,0.543737155,0.563997892,0.483718668,0.99095654,1.334758442,0.201199569,0.433691806,0.34386901
Sphagnum,589.6855,0.543765439,0.539129896,0.461048368,1.012818755,1.40917943,0.188499094,0.450445888,0.338274611
Sphagnum,660.23,0.544604632,0.508202119,0.431519558,1.027119047,1.472162051,0.175905703,0.465388374,0.334811514
Sphagnum,730.7745,0.544476834,0.494893345,0.419228274,1.034334104,1.501347642,0.169947372,0.47146637,0.333230887
Sphagnum,871.8635,0.544837211,0.469184484,0.395676302,1.049221415,1.562889092,0.159299797,0.484849476,0.32955836
Sphagnum,1012.9525,0.543575725,0.465194993,0.394389648,1.062542177,1.604636453,0.155616925,0.491528587,0.325651726
Sphagnum,95.874,0.494376052,0.830792678,0.748410837,0.251098705,0.153355691,0.387170246,0.076554212,0.541741572
Sphagnum,166.4185,0.491683456,0.79746788,0.706921689,0.335854816,0.212988808,0.360225164,0.105606441,0.537106289
Sphagnum,236.963,0.491201905,0.727591187,0.630072177,0.442123018,0.297956328,0.318833717,0.147707232,0.532469391
Sphagnum,307.5075,0.49150431,0.673141597,0.575321873,0.526654948,0.380703785,0.287047742,0.184529206,0.522740835
Sphagnum,378.052,0.495788471,0.598442181,0.497974166,0.587763644,0.457440691,0.251017177,0.219750934,0.519048001
Sphagnum,448.5965,0.495927579,0.574787633,0.477404115,0.630967538,0.511111844,0.236500028,0.24010886,0.509464472
Sphagnum,519.141,0.496898791,0.551547265,0.455074592,0.66363153,0.555139934,0.223418109,0.258047248,0.50338495
Sphagnum,589.6855,0.496740785,0.51499806,0.420816271,0.682824281,0.587719012,0.20688389,0.27215484,0.503215382
Sphagnum,660.23,0.499907621,0.489141226,0.397042852,0.695806588,0.616664875,0.195909955,0.283406262,0.500539455
Sphagnum,730.7745,0.499446033,0.478045646,0.386834941,0.703305102,0.628090755,0.190595275,0.288317819,0.500035289
Sphagnum,871.8635,0.502515707,0.445658878,0.357198112,0.710154143,0.651097224,0.177802446,0.298473146,0.500748045
Sphagnum,1012.9525,0.500886286,0.440853601,0.353353514,0.719251259,0.668153135,0.173920243,0.302719561,0.497703798
Sphagnum,95.874,0.513827729,0.762303248,0.658982525,0.264088457,0.171693493,0.367135135,0.08791142,0.537242852
Sphagnum,166.4185,0.508627844,0.72383298,0.617302233,0.316442653,0.209458395,0.339951072,0.108720912,0.544024534
Sphagnum,236.963,0.503967033,0.683076214,0.576662416,0.385666325,0.265206245,0.310468765,0.136622,0.542887451
Sphagnum,307.5075,0.503353292,0.641978226,0.536000229,0.442009183,0.319468423,0.284911061,0.162669216,0.538965703
Sphagnum,378.052,0.502656095,0.59838993,0.494242682,0.490219947,0.364854094,0.261434038,0.185810696,0.537968013
Sphagnum,448.5965,0.502022163,0.577876441,0.475409717,0.514371998,0.392004468,0.248963683,0.198706237,0.535691212
Sphagnum,519.141,0.500881979,0.560084907,0.458643757,0.527035228,0.404492451,0.239883532,0.205199948,0.5375235
Sphagnum,589.6855,0.501078905,0.542675216,0.442121109,0.539791084,0.419973442,0.230061504,0.212843277,0.537289772
Sphagnum,660.23,0.502100652,0.52163462,0.421091837,0.541406322,0.424744069,0.222036259,0.216660197,0.541424505
Sphagnum,730.7745,0.500801192,0.5083494,0.410025992,0.542228505,0.424098698,0.215872571,0.217664877,0.545794438
Sphagnum,871.8635,0.501868796,0.484005696,0.385976795,0.552082975,0.437163026,0.204439573,0.225025298,0.548658127
Sphagnum,1012.9525,0.501595751,0.469760892,0.372343973,0.547988131,0.433351676,0.198586979,0.225570239,0.553033785
Sphagnum,1154.0415,0.502089376,0.456148654,0.358878772,0.538034075,0.42479036,0.193322393,0.223501148,0.560152168
Sphagnum,1295.1305,0.501611333,0.439349028,0.342504829,0.534167676,0.422176942,0.186023078,0.223216679,0.566329343
Sphagnum,1436.2195,0.503927881,0.425636815,0.330117589,0.520294633,0.409771743,0.182038582,0.219943975,0.573886675
Sphagnum,95.874,0.554377215,0.759647839,0.640821028,0.261130167,0.185023559,0.395165828,0.090274726,0.501072745
Sphagnum,166.4185,0.551734322,0.729086821,0.611334198,0.307441599,0.224829687,0.371732934,0.109877672,0.50376207
Sphagnum,236.963,0.547517357,0.694457588,0.575565541,0.360169757,0.271473224,0.345484859,0.132300154,0.505681039
Sphagnum,307.5075,0.546270687,0.676305959,0.558334945,0.402161487,0.310668459,0.330673183,0.15036657,0.502049716
Sphagnum,378.052,0.543442652,0.640292924,0.523085883,0.442943882,0.352126154,0.307014911,0.170740106,0.504041807
Sphagnum,448.5965,0.544353651,0.623610041,0.50770469,0.468591554,0.379488757,0.296351745,0.183453057,0.501521462
Sphagnum,519.141,0.542916124,0.621044491,0.508146561,0.493942255,0.406947348,0.291225861,0.194060006,0.494767896
Sphagnum,589.6855,0.543030647,0.595024726,0.482421803,0.515482645,0.43272734,0.276378223,0.206835555,0.495867341
Sphagnum,660.23,0.543403499,0.581193368,0.469187391,0.523114266,0.444296894,0.26853878,0.212381725,0.497163061
Sphagnum,730.7745,0.543218907,0.561041416,0.449774693,0.530830177,0.4534953,0.258151078,0.218887579,0.500292735
Sphagnum,871.8635,0.543682354,0.532802488,0.423679261,0.554033094,0.483321233,0.243326884,0.232581,0.500445716
Sphagnum,1012.9525,0.541827264,0.521572542,0.413897551,0.562838156,0.497788594,0.23591611,0.238494852,0.50024799
Sphagnum,1154.0415,0.540721176,0.510020496,0.402140097,0.562931087,0.497667707,0.229306072,0.24002968,0.504235716
Sphagnum,1295.1305,0.541814651,0.496131577,0.39136729,0.570132825,0.506511166,0.22312883,0.245131709,0.505402069
Sphagnum,1436.2195,0.541898829,0.48405025,0.378699075,0.554627201,0.490938384,0.218978099,0.240966165,0.513295675
Sphagnum,95.874,0.501500442,0.842456452,0.759436004,0.227109147,0.136839548,0.400915901,0.068821586,0.534308719
Sphagnum,166.4185,0.501107577,0.792461733,0.697921,0.334265519,0.216641789,0.365201377,0.10629421,0.524184077
Sphagnum,236.963,0.497851008,0.715603055,0.616330784,0.494009606,0.363428423,0.310040791,0.170302065,0.509136331
Sphagnum,307.5075,0.496624948,0.644186318,0.546407336,0.616159067,0.505366085,0.265251195,0.226735991,0.491298173
Sphagnum,378.052,0.498903806,0.600432359,0.506280959,0.691436706,0.617302262,0.239426865,0.26557813,0.473076329
Sphagnum,448.5965,0.499171613,0.548787408,0.457257881,0.739826132,0.692517568,0.214740656,0.293182725,0.467039417
Sphagnum,519.141,0.50104181,0.509395538,0.421335157,0.773317575,0.755179856,0.196027016,0.315595577,0.460501089
Sphagnum,589.6855,0.501867593,0.501263126,0.414580702,0.78903014,0.790084705,0.191036073,0.324707258,0.454322765
Sphagnum,660.23,0.503663425,0.47955962,0.394887773,0.805992541,0.824076258,0.181920938,0.336516222,0.450885141
Sphagnum,730.7745,0.504751764,0.458284804,0.374684372,0.812028853,0.844302839,0.173414958,0.343575554,0.45057901
Sphagnum,871.8635,0.501497726,0.462304942,0.381010411,0.831976934,0.871609227,0.171520474,0.350410015,0.444739795
Sphagnum,1012.9525,0.503181455,0.442017446,0.362280925,0.837237003,0.892547952,0.163182693,0.357179208,0.443963336
Sphagnum,1154.0415,0.502661442,0.414247651,0.335306961,0.836714079,0.890850122,0.152411327,0.36062367,0.450028677
Sphagnum,1295.1305,0.501454004,0.425335037,0.347370431,0.836594461,0.896840535,0.156467155,0.359386945,0.446967426
Sphagnum,1436.2195,0.502023147,0.412644922,0.334321534,0.834415946,0.898388584,0.151339155,0.361157009,0.448764376
Sphagnum,95.874,0.587732412,0.767817227,0.640616764,0.255262011,0.194856168,0.423557264,0.090098127,0.465873484
Sphagnum,166.4185,0.584046558,0.75825641,0.631372549,0.284047886,0.221822304,0.410955526,0.101792089,0.464367271
Sphagnum,236.963,0.582135571,0.7172115,0.587131273,0.329184597,0.265718877,0.381392728,0.123106475,0.470314751
Sphagnum,307.5075,0.579103662,0.678590656,0.548941869,0.383440121,0.323254116,0.35259967,0.149291178,0.47213924
Sphagnum,378.052,0.576681031,0.670456437,0.544727981,0.42237379,0.36563787,0.340798217,0.165979735,0.465118454
Sphagnum,448.5965,0.575300274,0.644153202,0.519190289,0.445874707,0.39315964,0.323281048,0.179203969,0.468306975
Sphagnum,519.141,0.573625116,0.608934523,0.486655216,0.478404198,0.435868388,0.300652016,0.198616876,0.470006337
Sphagnum,589.6855,0.573320258,0.602387976,0.481169443,0.496559575,0.457813158,0.294987658,0.207099398,0.467061008
Sphagnum,660.23,0.571560273,0.5781902,0.459766003,0.503921145,0.467424428,0.281469056,0.213787329,0.472476812
Sphagnum,730.7745,0.572326613,0.553723308,0.432979156,0.520050282,0.49031959,0.267920593,0.224646465,0.475513997
Sphagnum,871.8635,0.57121416,0.548923089,0.43216702,0.529593099,0.507512844,0.263406823,0.230293321,0.472505431
Sphagnum,1012.9525,0.570461542,0.52509636,0.410117297,0.537669688,0.519008507,0.250562904,0.237524219,0.477179835
Sphagnum,1154.0415,0.568318495,0.504977162,0.388407645,0.530385881,0.501992549,0.240814673,0.235463156,0.489618048
Sphagnum,1295.1305,0.568419965,0.498331314,0.383559363,0.538342461,0.519173882,0.236496954,0.241375205,0.486805116
Sphagnum,1436.2195,0.569381992,0.486627985,0.37363045,0.535207878,0.518689458,0.231734306,0.24169686,0.489833767
Sphagnum,95.874,0.586563364,0.856183742,0.758752969,0.240433262,0.175108344,0.473529784,0.076663924,0.441626972
Sphagnum,166.4185,0.583108921,0.82560932,0.719761282,0.327389626,0.249530278,0.441054862,0.108549297,0.442769596
Sphagnum,236.963,0.581927439,0.795484869,0.683343346,0.428967879,0.354477024,0.408084876,0.149808689,0.433888551
Sphagnum,307.5075,0.581749509,0.736884691,0.619057859,0.520036675,0.467932068,0.364406565,0.195446959,0.429519879
Sphagnum,378.052,0.582079343,0.688758943,0.571346726,0.597169235,0.58065466,0.329133987,0.237016941,0.420909123
Sphagnum,448.5965,0.581345709,0.645559893,0.53062184,0.660208137,0.682956455,0.299428256,0.272993544,0.413144382
Sphagnum,519.141,0.581125145,0.602266975,0.48933169,0.699830007,0.758286831,0.273355203,0.300314817,0.410085661
Sphagnum,589.6855,0.582066004,0.591826233,0.483602744,0.740267668,0.840126366,0.262762734,0.322671569,0.39783454
Sphagnum,660.23,0.580785918,0.55900345,0.453770415,0.768611574,0.893815293,0.243817656,0.341856816,0.396137501
Sphagnum,730.7745,0.5806387,0.536014851,0.43380599,0.792325106,0.953740139,0.230164435,0.35904553,0.391001424
Sphagnum,871.8635,0.581157968,0.512688102,0.414478607,0.819651468,1.023127065,0.216553352,0.378386663,0.384591438
Sphagnum,95.874,0.629521307,0.859095228,0.741983703,0.222158789,0.177555483,0.510628582,0.071003948,0.407645987
Sphagnum,166.4185,0.625100673,0.833929427,0.711886111,0.28751738,0.237308605,0.48218385,0.095802124,0.411479772
Sphagnum,236.963,0.620535402,0.800903677,0.67393259,0.362372768,0.315167325,0.448191259,0.127368112,0.412465944
Sphagnum,307.5075,0.618668065,0.762087465,0.63247131,0.449880296,0.423068457,0.410796395,0.167720963,0.406609153
Sphagnum,378.052,0.617241175,0.710057948,0.580108726,0.540824212,0.555670723,0.367595269,0.21595853,0.399825845
Sphagnum,448.5965,0.616968487,0.691450677,0.566377432,0.603668283,0.664983834,0.347134794,0.248349083,0.386593696
Sphagnum,519.141,0.616781564,0.63972266,0.516794389,0.653048204,0.763379726,0.31328523,0.282662236,0.38376285
Sphagnum,589.6855,0.617405087,0.637012329,0.519256404,0.694792665,0.855438804,0.304744415,0.304566435,0.36994469
Sphagnum,660.23,0.616006381,0.597367656,0.480017038,0.719519944,0.910482003,0.280871562,0.32524753,0.371418707
Sphagnum,730.7745,0.616316701,0.580076923,0.466295301,0.746455056,0.977707573,0.268509764,0.342802576,0.365412794
Sphagnum,871.8635,0.615543017,0.559041427,0.450193959,0.776038753,1.051838228,0.253672575,0.362790839,0.359169745
Sphagnum,95.874,0.601811068,0.847056416,0.738121526,0.260076652,0.201580916,0.475889429,0.084823622,0.430402497
Sphagnum,166.4185,0.600693876,0.819208555,0.702604772,0.332969155,0.270900324,0.447822264,0.113652872,0.432632988
Sphagnum,236.963,0.595700305,0.760739322,0.637861567,0.455629067,0.408207741,0.393705979,0.168434799,0.427901644
Sphagnum,307.5075,0.594367622,0.717929155,0.599211888,0.560644513,0.556334746,0.355134434,0.220236223,0.412295895
Sphagnum,378.052,0.594260982,0.652251392,0.535811724,0.634638329,0.678361315,0.312391197,0.265663401,0.406737224
Sphagnum,448.5965,0.593573747,0.626375549,0.512665448,0.685666634,0.770013257,0.292074391,0.294268638,0.397772861
Sphagnum,519.141,0.592892968,0.592950446,0.482687979,0.715586425,0.833087068,0.270997721,0.315892654,0.394447815
Sphagnum,589.6855,0.592684006,0.577117401,0.470337655,0.746825205,0.897185146,0.25922568,0.334245472,0.38774242
Sphagnum,660.23,0.593315622,0.555870193,0.448867464,0.756478416,0.919050446,0.248598517,0.343665225,0.388589867
Sphagnum,730.7745,0.593190943,0.544531605,0.440451465,0.773961894,0.959344969,0.240656176,0.355056615,0.384319565
Sphagnum,871.8635,0.591680298,0.513362773,0.410749852,0.779145083,0.975022846,0.22507832,0.363367316,0.38888772
Sphagnum,95.874,0.575780127,0.818695814,0.706830938,0.260902777,0.19350726,0.440021809,0.086554827,0.469202491
Sphagnum,166.4185,0.571480253,0.789563671,0.674950349,0.321717647,0.245127307,0.413225385,0.110540603,0.472510205
Sphagnum,236.963,0.567707331,0.740157298,0.62101942,0.407785184,0.332697086,0.37322572,0.148240064,0.469931215
Sphagnum,307.5075,0.565981396,0.695312183,0.57912396,0.496755844,0.434644941,0.338892494,0.189901889,0.460172532
Sphagnum,378.052,0.566941959,0.655553406,0.538694087,0.554351058,0.511767478,0.312042097,0.220644612,0.454093398
Sphagnum,448.5965,0.565070975,0.621424838,0.508086288,0.591851216,0.565580171,0.28976188,0.241961525,0.451743258
Sphagnum,519.141,0.565420794,0.598444973,0.488016039,0.627553321,0.622233466,0.274847213,0.262394205,0.444428551
Sphagnum,589.6855,0.564887628,0.583559835,0.4748498,0.653369798,0.66104959,0.263950355,0.276559658,0.440825772
Sphagnum,660.23,0.563812175,0.565766968,0.458690344,0.669104001,0.690072061,0.253279186,0.287018491,0.439412826
Sphagnum,730.7745,0.565731254,0.556099651,0.45086741,0.68677103,0.720792334,0.247361568,0.297484469,0.434656401
Sphagnum,871.8635,0.564883258,0.526388165,0.423363942,0.696943756,0.738830695,0.232557655,0.307140098,0.438301013
Sphagnum,95.874,0.564156349,0.896726374,0.823159186,0.297595811,0.211781753,0.465878873,0.091337851,0.44145311
Sphagnum,166.4185,0.563921655,0.86293611,0.780259555,0.46366429,0.367130932,0.422560094,0.152421997,0.421998238
Sphagnum,236.963,0.563500331,0.812018169,0.722016669,0.635499868,0.579179561,0.369261786,0.227317827,0.398897638
Sphagnum,307.5075,0.562096379,0.734532297,0.638683773,0.763171196,0.783952854,0.312882586,0.296287934,0.384352525
Sphagnum,378.052,0.56190655,0.669759291,0.574577425,0.842593769,0.942273836,0.272479957,0.34605362,0.373448897
Sphagnum,448.5965,0.562359029,0.618877607,0.527246052,0.901790941,1.07875185,0.242635467,0.385807793,0.363107519
Sphagnum,519.141,0.562732312,0.572213858,0.48162325,0.930813179,1.159624471,0.220255441,0.410436297,0.360034887
Sphagnum,589.6855,0.562840489,0.542849451,0.455510666,0.956875907,1.232626601,0.205140707,0.429945726,0.354973739
Sphagnum,660.23,0.56242208,0.515274114,0.428774985,0.964719378,1.262946101,0.193130622,0.440211708,0.355524213
Sphagnum,730.7745,0.562201801,0.487882729,0.403967969,0.977349636,1.302804605,0.180654783,0.452387556,0.354475118
Sphagnum,871.8635,0.562855253,0.452709736,0.370603917,0.986378002,1.336617407,0.166455617,0.464643341,0.355446025
Sphagnum,95.874,0.471116634,0.704308064,0.616999898,0.452137761,0.293306145,0.293858532,0.152037393,0.539186689
Sphagnum,166.4185,0.46685008,0.665131566,0.5795778,0.548285137,0.374648618,0.265044932,0.189967252,0.527881155
Sphagnum,236.963,0.469206475,0.654085081,0.570365999,0.61801231,0.445029303,0.254459118,0.217223229,0.509234303
Sphagnum,307.5075,0.468553031,0.628416333,0.545534908,0.655206269,0.485935359,0.240413321,0.235154586,0.504496326
Sphagnum,378.052,0.468152605,0.615761963,0.534186368,0.687721318,0.525403076,0.23176917,0.249516209,0.497322497
Sphagnum,448.5965,0.465800387,0.605183958,0.524619821,0.719485447,0.557753836,0.223156741,0.262104338,0.492610907
Sphagnum,519.141,0.467042565,0.591257393,0.511797046,0.73033196,0.574956277,0.217138013,0.268743176,0.490489004
Sphagnum,589.6855,0.467741968,0.582555382,0.502626908,0.736634282,0.585836283,0.21364026,0.273216163,0.490133426
Sphagnum,660.23,0.467456349,0.568540415,0.488351665,0.743372236,0.594179617,0.207669737,0.277274381,0.491247554
Sphagnum,730.7745,0.46733982,0.562386249,0.482848774,0.735928572,0.587720577,0.205606274,0.275878262,0.493820323
Sphagnum,871.8635,0.467013938,0.544233355,0.464655959,0.732749978,0.581462781,0.198475653,0.277085357,0.49981953
Sphagnum,95.874,0.439323841,0.738236609,0.661337177,0.504290704,0.302912689,0.281811228,0.159154803,0.561010974
Sphagnum,166.4185,0.434890581,0.698274173,0.621949252,0.597882808,0.374406246,0.256067534,0.192806277,0.549425038
Sphagnum,236.963,0.435087126,0.659680436,0.582324542,0.662283478,0.430996644,0.236649469,0.218957617,0.541345496
Sphagnum,307.5075,0.433654645,0.620485232,0.54376658,0.703334415,0.465321242,0.219508683,0.236754178,0.539591677
Sphagnum,378.052,0.434045436,0.604973322,0.528902229,0.733180123,0.495205627,0.211241965,0.249289943,0.533472702
Sphagnum,448.5965,0.433803993,0.569768011,0.493499076,0.737725249,0.499062838,0.199798814,0.254291411,0.539771028
Sphagnum,519.141,0.4349367,0.567476915,0.492159156,0.749762752,0.513742134,0.197587031,0.259402656,0.535024191
Sphagnum,589.6855,0.434428972,0.551171783,0.476068395,0.759736348,0.522466814,0.191643976,0.264188571,0.536159528
Sphagnum,660.23,0.436426327,0.530637696,0.455105469,0.757884614,0.526817959,0.184814114,0.266863322,0.538530842
Sphagnum,730.7745,0.435348401,0.513733209,0.437470997,0.759581138,0.527618526,0.178965518,0.268680663,0.542675996
Sphagnum,871.8635,0.43713141,0.500299822,0.425941827,0.763233124,0.536513249,0.173513235,0.273573555,0.541599088
Sphagnum,95.874,0.470638228,0.763365201,0.68132448,0.429063684,0.270535159,0.318874734,0.138889051,0.539512906
Sphagnum,166.4185,0.465395574,0.723311372,0.639189107,0.519047482,0.339781109,0.290882257,0.171667876,0.532197553
Sphagnum,236.963,0.464888032,0.694425544,0.609145737,0.574709761,0.390413855,0.273107982,0.194564123,0.524226832
Sphagnum,307.5075,0.463651195,0.653310151,0.568012028,0.613492056,0.426741976,0.253545892,0.212554903,0.523901379
Sphagnum,378.052,0.464457766,0.643944399,0.560995236,0.662377505,0.477578921,0.245159957,0.232585127,0.511757966
Sphagnum,448.5965,0.46365543,0.594478464,0.508690738,0.675777716,0.493989929,0.225022757,0.243394548,0.519295159
Sphagnum,519.141,0.462375315,0.589107195,0.506595788,0.685017404,0.503453825,0.221510349,0.247289535,0.517707287
Sphagnum,589.6855,0.464319017,0.572511166,0.488868125,0.696979985,0.520460997,0.214809097,0.254752929,0.516697204
Sphagnum,660.23,0.465069721,0.552374068,0.468473475,0.697446136,0.522268601,0.207766647,0.258047067,0.520384187
Sphagnum,730.7745,0.463766231,0.54064959,0.457115506,0.702290559,0.525578501,0.201109925,0.260656497,0.522614782
Sphagnum,871.8635,0.46398814,0.523347087,0.440223274,0.700714166,0.528120855,0.195815234,0.262453982,0.525692778
Sphagnum,95.874,0.549846454,0.837184674,0.749114096,0.352673938,0.254086043,0.418584901,0.114340954,0.452967509
Sphagnum,166.4185,0.551879055,0.824794263,0.738612801,0.470808242,0.367929891,0.396851607,0.157938125,0.431158948
Sphagnum,236.963,0.551501893,0.790347131,0.701354983,0.581909047,0.500407646,0.362763137,0.205672113,0.41537545
Sphagnum,307.5075,0.55286069,0.740815148,0.650045042,0.697177675,0.669825185,0.322521184,0.26261706,0.398108643
Sphagnum,378.052,0.554159751,0.698946687,0.607694017,0.778009011,0.81371431,0.291596023,0.306905544,0.383888513
Sphagnum,448.5965,0.553602016,0.674014913,0.584961565,0.834585789,0.933040822,0.271409923,0.338822443,0.371347338
Sphagnum,519.141,0.554245723,0.622513056,0.535309897,0.88618733,1.052034665,0.242637976,0.373737809,0.363817955
Sphagnum,589.6855,0.553599745,0.598138445,0.511949683,0.911385252,1.125279377,0.228313488,0.391597146,0.358291361
Sphagnum,660.23,0.554670414,0.584245504,0.500587991,0.93756857,1.196295697,0.219919238,0.408215299,0.351109196
Sphagnum,730.7745,0.554680538,0.554161197,0.4716915,0.952522869,1.248094863,0.205294809,0.422504752,0.349197752
Sphagnum,95.874,0.500067833,0.825335486,0.749815772,0.472842831,0.330489463,0.357409261,0.153599589,0.484434282
Sphagnum,166.4185,0.501299388,0.800703686,0.725169939,0.604808633,0.464422869,0.330000918,0.204326528,0.459056319
Sphagnum,236.963,0.497474835,0.764040734,0.688685253,0.731132658,0.612560534,0.295510386,0.257234336,0.437896851
Sphagnum,307.5075,0.49649632,0.705296882,0.628800578,0.839313241,0.772175331,0.257730312,0.31050147,0.419170685
Sphagnum,378.052,0.495164603,0.662512413,0.587041067,0.912838861,0.893717856,0.231947861,0.34801575,0.405886084
Sphagnum,448.5965,0.495262185,0.625203687,0.552122899,0.965970569,0.9996085,0.212355181,0.377742239,0.39425301
Sphagnum,519.141,0.495252132,0.581829559,0.510029715,1.009026379,1.096415193,0.19246528,0.404551858,0.386015904
Sphagnum,589.6855,0.495393175,0.568243945,0.497318037,1.025523474,1.14012957,0.186294437,0.41442855,0.381272976
Sphagnum,660.23,0.49641322,0.545957974,0.476429592,1.039953916,1.188690939,0.1765797,0.425897868,0.376770404
Sphagnum,730.7745,0.496387436,0.52226454,0.452576628,1.041341403,1.197142403,0.168601913,0.430470502,0.378943149
Sphagnum,95.874,0.612898638,0.898695474,0.81803197,0.321838808,0.255824562,0.504905362,0.099148878,0.394789042
Sphagnum,166.4185,0.614463401,0.881927381,0.796650571,0.473300651,0.424551789,0.469962758,0.155617458,0.374787064
Sphagnum,236.963,0.613797566,0.839848965,0.748811168,0.653671162,0.696365458,0.412069853,0.236928767,0.349434784
Sphagnum,307.5075,0.612651342,0.778866819,0.684770532,0.789848614,0.984550063,0.353057964,0.314157852,0.32840527
Sphagnum,378.052,0.613205258,0.711184544,0.615088317,0.875455893,1.226961976,0.30522313,0.374053235,0.314088472
Sphagnum,448.5965,0.613490155,0.660400248,0.568399852,0.938793483,1.450194762,0.26905685,0.422299465,0.299614752
Sphagnum,519.141,0.613533921,0.615021153,0.525233762,0.975999322,1.610351859,0.242025982,0.455729697,0.291364634
Sphagnum,589.6855,0.614861002,0.586438754,0.498406697,0.998545635,1.726004027,0.226728312,0.476835979,0.284969956
Sphagnum,660.23,0.614362273,0.555381843,0.470748405,1.018085528,1.823326411,0.209997485,0.496386946,0.280593803
Sphagnum,730.7745,0.615729864,0.529493577,0.445676355,1.027825115,1.894804429,0.197881541,0.509938864,0.277749349
Sphagnum,95.874,0.599752369,0.898524263,0.820799429,0.310960602,0.242418125,0.494628875,0.096803501,0.404732256
Sphagnum,166.4185,0.595776926,0.878058259,0.793414287,0.435669533,0.369393144,0.458528729,0.142528031,0.394291199
Sphagnum,236.963,0.596525362,0.834282361,0.74254264,0.615218195,0.61862243,0.402984127,0.222074177,0.368355862
Sphagnum,307.5075,0.595862195,0.777643329,0.683075349,0.757432077,0.88356484,0.347462565,0.297546303,0.345958426
Sphagnum,378.052,0.595867933,0.713463344,0.617175927,0.840952124,1.085372364,0.302638433,0.352937656,0.333925203
Sphagnum,448.5965,0.595826715,0.65384006,0.560095962,0.908302737,1.27973367,0.264454267,0.4015588,0.321955208
Sphagnum,519.141,0.595280454,0.597968481,0.506049394,0.949409443,1.421473008,0.233685969,0.436618485,0.315748719
Sphagnum,589.6855,0.595611537,0.581115511,0.492859381,0.973457257,1.515904453,0.222440566,0.454508859,0.308342476
Sphagnum,660.23,0.595163029,0.54436645,0.458288632,0.989170816,1.579838927,0.205793997,0.471327425,0.307115067
Sphagnum,730.7745,0.595656722,0.518105142,0.433011388,0.999346645,1.620996385,0.19391062,0.483085983,0.306743272
Sphagnum,95.874,0.577788101,0.780844021,0.666303332,0.323799671,0.25079655,0.415398293,0.112004037,0.455035318
Sphagnum,166.4185,0.57394465,0.737773178,0.622717502,0.411270288,0.339341308,0.377896934,0.150331678,0.450657389
Sphagnum,236.963,0.574308399,0.695670656,0.578201567,0.485440727,0.431445865,0.34516462,0.186639284,0.443383783
Sphagnum,307.5075,0.572802667,0.657829604,0.542351403,0.545635083,0.51005844,0.316773446,0.21773848,0.438770993
Sphagnum,378.052,0.572763477,0.618835587,0.501311005,0.571314815,0.548392834,0.29378951,0.235917075,0.442363197
Sphagnum,448.5965,0.573162218,0.581361254,0.466894386,0.597976694,0.597153297,0.272258648,0.25518593,0.442046664
Sphagnum,519.141,0.573016939,0.570925223,0.454949686,0.593834059,0.593593781,0.267363095,0.255041465,0.446429564
Sphagnum,589.6855,0.573198816,0.569743516,0.455351892,0.61117047,0.623770654,0.264629327,0.263853022,0.439973694
Sphagnum,660.23,0.573057297,0.544039932,0.429126131,0.599404742,0.606457959,0.253547255,0.262829966,0.451233784
Sphagnum,730.7745,0.572956586,0.547445038,0.433602737,0.605771654,0.620501333,0.253989983,0.265709284,0.446735265
Sphagnum,871.8635,0.572633693,0.494453245,0.38288979,0.601297156,0.614040908,0.229597375,0.271105986,0.463702638
Sphagnum,95.874,0.600557842,0.809934754,0.696490137,0.330984378,0.269130063,0.445953933,0.113526955,0.421783967
Sphagnum,166.4185,0.599451683,0.788399566,0.676929421,0.429909939,0.376459252,0.419381967,0.152899666,0.40881383
Sphagnum,236.963,0.601269889,0.746010165,0.628033152,0.500766871,0.467382975,0.385811956,0.188228267,0.405199365
Sphagnum,307.5075,0.602829648,0.698869163,0.577208983,0.563033036,0.561815021,0.353238559,0.222777946,0.401824868
Sphagnum,378.052,0.603885071,0.665784531,0.544231245,0.598562875,0.628222677,0.330019414,0.24571615,0.399038281
Sphagnum,448.5965,0.603528295,0.630387321,0.510610715,0.643272966,0.707693605,0.304730405,0.273624039,0.395037692
Sphagnum,519.141,0.604302374,0.607938111,0.488140248,0.657413505,0.74304642,0.292163374,0.285690515,0.394850692
Sphagnum,589.6855,0.604016614,0.608891701,0.492156621,0.67876026,0.789492384,0.288033604,0.296518705,0.386809985
Sphagnum,660.23,0.603226921,0.573817982,0.45634394,0.677283867,0.798485284,0.270835109,0.303364894,0.394325004
Sphagnum,730.7745,0.603344289,0.569282423,0.453329582,0.689758806,0.82057441,0.266242781,0.310434697,0.391888571
Sphagnum,871.8635,0.603054263,0.513310206,0.398284418,0.683260487,0.817518653,0.240880644,0.31884673,0.40640269
Sphagnum,95.874,0.629578276,0.872760854,0.766032032,0.260912906,0.210618937,0.514052068,0.08259242,0.400467375
Sphagnum,166.4185,0.627279215,0.829947928,0.712921052,0.354744591,0.305757559,0.473653792,0.120005749,0.40009215
Sphagnum,236.963,0.626789938,0.777341717,0.648500167,0.452532267,0.426905628,0.427495896,0.165184825,0.397111062
Sphagnum,307.5075,0.628233591,0.724140628,0.590072852,0.527354432,0.542228788,0.386730823,0.206224981,0.393033765
Sphagnum,378.052,0.629217078,0.66454417,0.528310695,0.573390216,0.626758448,0.347117496,0.238656393,0.39531557
Sphagnum,448.5965,0.629881237,0.611709826,0.476594538,0.621464141,0.727424971,0.311475894,0.273236842,0.392487273
Sphagnum,519.141,0.630444785,0.577133323,0.445141121,0.643587977,0.783877004,0.290665026,0.292385448,0.39195622
Sphagnum,589.6855,0.629339803,0.54879494,0.418570857,0.658613566,0.820982792,0.272959385,0.305941251,0.393685919
Sphagnum,660.23,0.631094307,0.533564183,0.405350363,0.668704021,0.851840924,0.264021506,0.315510007,0.391624781
Sphagnum,730.7745,0.630888949,0.509717574,0.384883777,0.681400526,0.887277556,0.250064447,0.32799062,0.39150358
Sphagnum,871.8635,0.63081975,0.461478313,0.340862514,0.680822232,0.897111883,0.226080115,0.338468063,0.401938258
Sphagnum,95.874,0.635507375,0.896370542,0.804939791,0.277815345,0.230113459,0.53005115,0.086091433,0.381265747
Sphagnum,166.4185,0.63392788,0.864036571,0.761905147,0.388629183,0.349884169,0.49095507,0.128513037,0.376157646
Sphagnum,236.963,0.635103405,0.798990846,0.679368449,0.526973205,0.540396655,0.430538444,0.193705201,0.36887245
Sphagnum,307.5075,0.636443047,0.735635616,0.609364474,0.624193696,0.717505669,0.379289481,0.249827732,0.360462986
Sphagnum,378.052,0.637564348,0.662817715,0.531511544,0.685539451,0.857654394,0.330388159,0.295389113,0.35941091
Sphagnum,448.5965,0.638461318,0.611580477,0.486171339,0.744649093,1.02124322,0.293668799,0.33879869,0.348451796
Sphagnum,519.141,0.639277395,0.556118691,0.433836094,0.775444968,1.126224612,0.261264582,0.36967353,0.346449332
Sphagnum,589.6855,0.63976295,0.529302531,0.411005873,0.793918623,1.201302231,0.24518545,0.387151526,0.342062596
Sphagnum,660.23,0.63951631,0.497831423,0.383100151,0.803111517,1.242649044,0.227848149,0.401017911,0.343061277
Sphagnum,730.7745,0.640183302,0.493050654,0.381328379,0.819806303,1.307846713,0.223217473,0.411772992,0.335832382
Sphagnum,871.8635,0.640647908,0.414661562,0.309823504,0.824136086,1.349321258,0.186747281,0.434212345,0.345372321
Sphagnum,95.874,0.55621594,0.898167066,0.826541134,0.195520141,0.131428651,0.475015907,0.059157271,0.468406592
Sphagnum,166.4185,0.554310632,0.85366347,0.761713126,0.339553149,0.245307874,0.430044249,0.108837554,0.459451497
Sphagnum,236.963,0.553917776,0.781649494,0.677006475,0.551024304,0.463839449,0.363138904,0.195124217,0.437395669
Sphagnum,307.5075,0.55233626,0.701984436,0.59501204,0.710937481,0.686469285,0.302692884,0.274579135,0.416284038
Sphagnum,378.052,0.551273094,0.637240346,0.536186798,0.819570236,0.886709826,0.258485888,0.335903498,0.39528336
Sphagnum,448.5965,0.551639527,0.574081183,0.47733563,0.88453891,1.032721824,0.225121184,0.379414232,0.383939509
Sphagnum,519.141,0.551971751,0.537635144,0.445819096,0.93037916,1.150752485,0.203924056,0.409911986,0.372443361
Sphagnum,589.6855,0.551678576,0.500664598,0.413058724,0.962041981,1.2362367,0.18640628,0.432760256,0.366347924
Sphagnum,660.23,0.551927493,0.485782832,0.401196697,0.981380076,1.299959343,0.178137888,0.446169005,0.359831657
Sphagnum,730.7745,0.552281881,0.455014396,0.373668051,0.995590099,1.351303354,0.166236967,0.459643593,0.35747401
Sphagnum,871.8635,0.551490457,0.432676432,0.3549335,1.014507096,1.411753862,0.155250136,0.473099508,0.352823075
Sphagnum,1012.9525,0.551194016,0.420592531,0.344401602,1.016685516,1.436525739,0.150826795,0.477350583,0.351302202
Sphagnum,1154.0415,0.552869064,0.410325595,0.335273817,1.019167513,1.465302063,0.146270149,0.482292193,0.34868671
Sphagnum,1295.1305,0.552554778,0.386696219,0.312934508,1.019433096,1.47078612,0.138019466,0.486751395,0.351515356
Sphagnum,95.874,0.5010964,0.88482948,0.819242212,0.190727384,0.114060018,0.421335082,0.057037436,0.528154283
Sphagnum,166.4185,0.503224114,0.840635778,0.755477967,0.276533227,0.171381052,0.392744538,0.085642986,0.521052632
Sphagnum,236.963,0.501998083,0.764007153,0.661473277,0.422040178,0.285715733,0.340430646,0.140820589,0.515756983
Sphagnum,307.5075,0.501461508,0.678919229,0.570964089,0.556210703,0.416595231,0.288415849,0.200337697,0.505098778
Sphagnum,378.052,0.501817361,0.612319306,0.50594844,0.654971775,0.532299095,0.250027474,0.248834247,0.492212135
Sphagnum,448.5965,0.501279327,0.553660378,0.451804223,0.723987266,0.625651559,0.219266354,0.286172493,0.482770524
Sphagnum,519.141,0.50220099,0.509246624,0.41268432,0.776438816,0.707650728,0.197555699,0.315961025,0.47256409
Sphagnum,589.6855,0.502940397,0.469055966,0.378445285,0.815171855,0.774325101,0.179453138,0.33990244,0.465182903
Sphagnum,660.23,0.503224676,0.455163477,0.367955833,0.845335647,0.827945474,0.17117599,0.356128781,0.455980942
Sphagnum,730.7745,0.50301379,0.415017786,0.332230368,0.867253328,0.872026461,0.154740829,0.372788985,0.454156207
Sphagnum,871.8635,0.504417244,0.396172945,0.316435458,0.894113237,0.932764079,0.145856016,0.389056064,0.444820435
Sphagnum,1012.9525,0.505731112,0.379778542,0.303757896,0.907994244,0.970492816,0.139337504,0.39927703,0.439775883
Sphagnum,1154.0415,0.504648341,0.372638383,0.297936356,0.913115902,0.986191852,0.13576832,0.402805997,0.438172778
Sphagnum,1295.1305,0.505777829,0.361838024,0.288891997,0.91558452,1.00790442,0.132273732,0.407087231,0.43542076
Sphagnum,95.874,0.492620368,0.873472756,0.806121634,0.255692209,0.154533423,0.402093389,0.076036894,0.530345711
Sphagnum,166.4185,0.490399854,0.792516987,0.704552841,0.432354586,0.288070282,0.344853713,0.139199471,0.517447166
Sphagnum,236.963,0.489492299,0.69783906,0.603873088,0.638820259,0.497810911,0.280827633,0.224801876,0.488566753
Sphagnum,307.5075,0.489026286,0.607879921,0.516475003,0.778291364,0.683298628,0.230643011,0.292727072,0.464892007
Sphagnum,378.052,0.490351056,0.538036398,0.451716386,0.849718724,0.812225574,0.197915134,0.335047918,0.449903972
Sphagnum,448.5965,0.491962131,0.491712392,0.409196965,0.898196086,0.909893459,0.176434121,0.364898759,0.437821156
Sphagnum,519.141,0.493076226,0.468621961,0.390048946,0.929629058,0.983863892,0.165952865,0.383693855,0.427140476
Sphagnum,589.6855,0.494554578,0.437982195,0.362083964,0.938568617,1.019645953,0.154454956,0.394599363,0.425079495
Sphagnum,660.23,0.492806328,0.432014971,0.357740975,0.951921606,1.051333354,0.150624816,0.400872042,0.420339143
Sphagnum,730.7745,0.494521564,0.414146922,0.340737516,0.967114426,1.089537584,0.143163573,0.411550847,0.416245891
Sphagnum,871.8635,0.495270431,0.411446968,0.339722062,0.965186205,1.109064397,0.141908034,0.412476839,0.413074751
Sphagnum,1012.9525,0.493903707,0.394909384,0.324738025,0.967198915,1.123540757,0.136385406,0.41644534,0.413213665
Sphagnum,1154.0415,0.496667725,0.397702866,0.326896587,0.958804625,1.12968717,0.137696564,0.414616577,0.411357761
Sphagnum,1295.1305,0.495917355,0.389781644,0.318905665,0.961712064,1.131263216,0.135174636,0.415512797,0.412395549
Sphagnum,95.874,0.522776789,0.880561606,0.804990872,0.208177711,0.135983745,0.434052017,0.063947093,0.521871175
Sphagnum,166.4185,0.520123548,0.831724324,0.738718998,0.316986376,0.209514694,0.395481421,0.100745769,0.516744762
Sphagnum,236.963,0.520787443,0.754773489,0.648849065,0.483102462,0.353846841,0.340714945,0.166205374,0.501503107
Sphagnum,307.5075,0.521526393,0.674232503,0.565221259,0.614880243,0.497161404,0.290787569,0.227186528,0.486529542
Sphagnum,378.052,0.521865357,0.605334669,0.498989839,0.702136895,0.612837098,0.252701988,0.273614187,0.474879825
Sphagnum,448.5965,0.522495661,0.551679293,0.449601107,0.759377573,0.702289019,0.225052979,0.307252312,0.465504137
Sphagnum,519.141,0.52242674,0.513474356,0.416187985,0.804289424,0.775445123,0.205737851,0.333005731,0.457083357
Sphagnum,589.6855,0.523611108,0.469508197,0.376423694,0.83439016,0.837479844,0.185908753,0.355556677,0.452006348
Sphagnum,660.23,0.522956063,0.46016796,0.37057967,0.857146298,0.879222864,0.180158032,0.367317678,0.444933448
Sphagnum,730.7745,0.524093495,0.442252016,0.354641345,0.872895731,0.918239211,0.171767833,0.378722068,0.440068951
Sphagnum,871.8635,0.525203066,0.413917031,0.330777333,0.891424218,0.966351874,0.159836569,0.393299641,0.435348736
Sphagnum,1012.9525,0.52552759,0.400496012,0.318872325,0.906852577,0.994788885,0.153538764,0.402310115,0.432368559
Sphagnum,1154.0415,0.523706168,0.39382216,0.312839101,0.906203946,1.002954358,0.149709745,0.403415337,0.43219036
Sphagnum,1295.1305,0.524712861,0.384121223,0.304928157,0.909768834,1.015329001,0.146072543,0.406982758,0.431312779
Sphagnum,95.874,0.431813811,0.845650825,0.783824172,0.216971069,0.110446872,0.347708035,0.061680128,0.604389442
Sphagnum,166.4185,0.431264641,0.817464535,0.748105435,0.294682855,0.154425555,0.329311588,0.084737947,0.594038295
Sphagnum,236.963,0.434013566,0.742435127,0.660667694,0.423474842,0.238856967,0.291212347,0.128614409,0.583064419
Sphagnum,307.5075,0.435194442,0.677457073,0.590940806,0.525188198,0.320340067,0.258512177,0.168024388,0.570972019
Sphagnum,378.052,0.437508768,0.60250347,0.513320161,0.603609563,0.39429892,0.224988566,0.203682553,0.563940848
Sphagnum,448.5965,0.438773629,0.561264643,0.475264758,0.664997008,0.457469947,0.20541323,0.231307539,0.552342237
Sphagnum,519.141,0.439239004,0.510313894,0.425871798,0.699760963,0.497982604,0.184478411,0.250662856,0.55107569
Sphagnum,589.6855,0.441725731,0.461828104,0.38033141,0.728178999,0.536890655,0.165122755,0.269287544,0.54844387
Sphagnum,660.23,0.442650438,0.44130317,0.361366182,0.743856136,0.560903794,0.156688926,0.279052755,0.545467138
Sphagnum,730.7745,0.443802403,0.420308966,0.343332462,0.760399765,0.583717777,0.148463215,0.288600779,0.542211039
Sphagnum,871.8635,0.44420728,0.386940743,0.31279723,0.771036443,0.606482047,0.136101292,0.298279166,0.542462805
Sphagnum,1012.9525,0.4441314,0.377323277,0.305873155,0.779197461,0.619847765,0.131609041,0.30369226,0.53987701
Sphagnum,1295.1305,0.445684156,0.36068185,0.290184292,0.779079131,0.63333198,0.125506144,0.30780011,0.539132134
Sphagnum,95.874,0.488154529,0.777832472,0.68811841,0.293148091,0.181516509,0.35271779,0.094623005,0.548066261
Sphagnum,166.4185,0.481951372,0.746817156,0.654765124,0.362708057,0.232056543,0.327467703,0.11963277,0.545719218
Sphagnum,236.963,0.481926861,0.690216034,0.593808603,0.444433468,0.300874105,0.294245815,0.153455648,0.541286913
Sphagnum,307.5075,0.481679009,0.641755635,0.544600442,0.502113974,0.355948711,0.267956704,0.179949968,0.537926146
Sphagnum,378.052,0.481895917,0.60533221,0.508229796,0.527537314,0.385964223,0.249953995,0.193801685,0.538727974
Sphagnum,448.5965,0.481277778,0.5896927,0.496147696,0.558555779,0.423010551,0.239508022,0.209069031,0.531078082
Sphagnum,519.141,0.482681844,0.566775158,0.472225973,0.558742893,0.427644945,0.230802688,0.212068283,0.535280278
Sphagnum,589.6855,0.482992586,0.516309767,0.423192168,0.573885495,0.448849239,0.209104917,0.224230869,0.542249562
Sphagnum,660.23,0.483530404,0.512637432,0.420010516,0.574603386,0.455553997,0.207203661,0.226250869,0.540832669
Sphagnum,730.7745,0.484999864,0.495699271,0.402674904,0.585240923,0.47007368,0.199217762,0.232595753,0.540554686
Sphagnum,871.8635,0.486542169,0.464310876,0.374360639,0.583368756,0.472223029,0.187419417,0.237104657,0.547370242
Sphagnum,1012.9525,0.485894384,0.454894067,0.364099477,0.582444725,0.473146172,0.183522151,0.237552608,0.550764339
Sphagnum,1295.1305,0.488132073,0.445571099,0.353904607,0.561781977,0.458450628,0.181277643,0.23063427,0.557204447
Sphagnum,95.874,0.59230887,0.875970764,0.78830921,0.291225014,0.22563224,0.479469033,0.092328088,0.420096802
Sphagnum,166.4185,0.587163022,0.852854141,0.762005038,0.381536776,0.307024535,0.449442178,0.125899905,0.417598321
Sphagnum,236.963,0.586071977,0.82169811,0.725663264,0.503392278,0.442583396,0.412037312,0.17581468,0.405161834
Sphagnum,307.5075,0.586327877,0.774710403,0.670898835,0.601650515,0.579268501,0.371708896,0.223925211,0.395198514
Sphagnum,378.052,0.584199043,0.720049423,0.61365669,0.679341712,0.704587278,0.331448117,0.267895363,0.389229118
Sphagnum,448.5965,0.584523485,0.671958209,0.565415523,0.738115869,0.818218214,0.299930946,0.305170941,0.382102184
Sphagnum,519.141,0.585352145,0.623658063,0.517003694,0.780513348,0.907378922,0.272085745,0.335473285,0.379008317
Sphagnum,589.6855,0.585188028,0.577727856,0.474010676,0.811253608,0.982061555,0.246825753,0.360899905,0.377016259
Sphagnum,660.23,0.585488535,0.568290678,0.467422181,0.831860265,1.038988592,0.239641089,0.374291857,0.370207876
Sphagnum,730.7745,0.585369795,0.533297508,0.434359645,0.847958237,1.083248195,0.222106304,0.390021206,0.370507079
Sphagnum,871.8635,0.584564004,0.486077192,0.392127496,0.879416846,1.173465434,0.197542396,0.416868493,0.366486526
Sphagnum,1012.9525,0.585516426,0.487994655,0.395599058,0.8928307,1.217554882,0.196699525,0.423864262,0.359895458
Sphagnum,1295.1305,0.584825433,0.452653078,0.364998734,0.913890156,1.295280753,0.179048314,0.443119328,0.355526334
Sphagnum,95.874,0.536368299,0.843052749,0.753398597,0.250846403,0.169046211,0.422868273,0.079930578,0.503106918
Sphagnum,166.4185,0.525616459,0.818980089,0.72759399,0.345617172,0.235920701,0.391470175,0.11205431,0.499691548
Sphagnum,236.963,0.522677626,0.75547539,0.65710152,0.490856331,0.362440504,0.343461053,0.168896936,0.487372664
Sphagnum,307.5075,0.524217077,0.679640428,0.576418113,0.5776821,0.460972438,0.299951832,0.212667464,0.482622566
Sphagnum,378.052,0.525725157,0.630850714,0.527440897,0.634976712,0.537381382,0.27207598,0.244270897,0.476089253
Sphagnum,448.5965,0.527837204,0.600688322,0.49967266,0.676321252,0.601689838,0.255664679,0.267675936,0.467447855
Sphagnum,519.141,0.528695239,0.563506461,0.463458034,0.702643976,0.644603342,0.237399834,0.285267291,0.465848438
Sphagnum,589.6855,0.529359989,0.526260682,0.42841933,0.716024368,0.671388632,0.22041066,0.298263093,0.468069524
Sphagnum,660.23,0.529876845,0.516392373,0.419105246,0.724877119,0.693362029,0.215315996,0.304438146,0.465077376
Sphagnum,730.7745,0.530810795,0.48884414,0.392710067,0.732755972,0.70621037,0.203700962,0.312510161,0.468616145
Sphagnum,871.8635,0.53071464,0.45373621,0.360815467,0.745495343,0.735457989,0.186489615,0.324600655,0.46946403
Sphagnum,1012.9525,0.531163325,0.44682093,0.355483032,0.748387071,0.744839256,0.184060901,0.328089349,0.46870131
Sphagnum,1295.1305,0.531107146,0.432727283,0.342024201,0.7466154,0.746986902,0.177235451,0.329206124,0.47161233
Sphagnum,95.874,0.707664383,0.814994795,0.599486263,0.169209062,0.139652767,0.550813176,0.05445685,0.352285979
Sphagnum,166.4185,0.703727915,0.788082005,0.57215979,0.232824354,0.202375696,0.518657461,0.078868956,0.362577173
Sphagnum,236.963,0.689134154,0.743846395,0.539445151,0.328234473,0.305821843,0.46468613,0.121008361,0.378123855
Sphagnum,307.5075,0.683750789,0.697196791,0.504969692,0.422674667,0.429119486,0.417226088,0.168389159,0.378420427
Sphagnum,378.052,0.678504838,0.648547919,0.467727568,0.496868326,0.54146416,0.373669261,0.211288818,0.380076582
Sphagnum,448.5965,0.676627341,0.614118112,0.44257671,0.545359192,0.626057,0.344951013,0.242044056,0.37772466
Sphagnum,519.141,0.67373081,0.568705909,0.408813714,0.589943969,0.708915851,0.31030214,0.274741673,0.378724117
Sphagnum,589.6855,0.672321233,0.540893172,0.387380783,0.621858045,0.771503822,0.289812458,0.29733622,0.377478029
Sphagnum,660.23,0.669636544,0.511010819,0.364025936,0.641160759,0.811157415,0.270153319,0.313228135,0.380620203
Sphagnum,730.7745,0.669977096,0.498044803,0.35457316,0.658129342,0.854476736,0.260823993,0.326475954,0.37724036
Sphagnum,871.8635,0.668850761,0.465406281,0.329916119,0.680107968,0.904034066,0.2395186,0.346009533,0.379234593
Sphagnum,1012.9525,0.665145332,0.441718127,0.313296105,0.690429091,0.927555236,0.223963777,0.356547995,0.382437847
Sphagnum,1154.0415,0.665114313,0.432281199,0.305323451,0.696551822,0.945792232,0.217885197,0.362737072,0.382501575
Sphagnum,1295.1305,0.665286768,0.407904749,0.28548932,0.695806294,0.948396544,0.205743626,0.36896752,0.388277395
Sphagnum,1436.2195,0.665233319,0.409020676,0.287195186,0.698214463,0.953716131,0.206417351,0.369310492,0.387085509
Sphagnum,95.874,0.557354002,0.853811618,0.763439947,0.249284299,0.174894131,0.447335243,0.078811053,0.473924542
Sphagnum,166.4185,0.554251335,0.833415135,0.738878106,0.322032837,0.233790213,0.424180781,0.104078949,0.46987746
Sphagnum,236.963,0.552186759,0.802400671,0.70447337,0.424687379,0.330404081,0.392781761,0.143358482,0.457696739
Sphagnum,307.5075,0.550804548,0.753348298,0.652288,0.531319667,0.44864458,0.353902471,0.189782488,0.446655786
Sphagnum,378.052,0.551573882,0.71208271,0.607591078,0.599642508,0.543280084,0.325069025,0.224427674,0.437639593
Sphagnum,448.5965,0.552376343,0.672789215,0.568511753,0.653426092,0.62536701,0.299678304,0.253833473,0.430706172
Sphagnum,519.141,0.55271697,0.633991156,0.529066988,0.69583185,0.700662821,0.276090609,0.280507511,0.425359787
Sphagnum,589.6855,0.553293821,0.608176267,0.505653012,0.722713958,0.757248855,0.261448948,0.298388488,0.41998678
Sphagnum,660.23,0.555402669,0.571201737,0.468000292,0.739263089,0.794457117,0.243704924,0.313767679,0.420698776
Sphagnum,730.7745,0.554665722,0.555026147,0.454435167,0.757834564,0.838709023,0.23355225,0.326406536,0.41607679
Sphagnum,871.8635,0.55785482,0.516007283,0.417752694,0.779281282,0.891649058,0.215499733,0.34537061,0.413585709
Sphagnum,1012.9525,0.556778487,0.491810236,0.39501483,0.785379424,0.91086911,0.203551281,0.352948928,0.41571049
Sphagnum,1154.0415,0.557197813,0.482356228,0.387378254,0.795174136,0.937621146,0.198826394,0.359509764,0.412686817
Sphagnum,1295.1305,0.556063358,0.449952186,0.357022587,0.794032968,0.939175413,0.184025993,0.365327321,0.419298479
Sphagnum,1436.2195,0.555420986,0.451039955,0.358542382,0.794438791,0.945537804,0.184817933,0.365239285,0.418120531
Sphagnum,95.874,0.612039588,0.839306272,0.724447834,0.236053726,0.185776354,0.485052735,0.077384984,0.424664227
Sphagnum,166.4185,0.604801448,0.816585581,0.700291256,0.285781936,0.228400529,0.459660963,0.096414522,0.432547391
Sphagnum,236.963,0.601296189,0.777539044,0.654006097,0.369991194,0.317059714,0.421991598,0.132466493,0.432056844
Sphagnum,307.5075,0.598401832,0.742563593,0.619077736,0.448769908,0.413570647,0.388640718,0.169005957,0.425959911
Sphagnum,378.052,0.595621585,0.694810343,0.570110024,0.50464007,0.48535955,0.353948297,0.199437213,0.428019309
Sphagnum,448.5965,0.59338357,0.662542416,0.53933817,0.546424456,0.545660077,0.329749481,0.223121953,0.426709458
Sphagnum,519.141,0.591038893,0.628705286,0.506578523,0.573043132,0.586805119,0.307735708,0.24042682,0.428781577
Sphagnum,589.6855,0.590990569,0.601782483,0.481095075,0.597519354,0.626570074,0.291168701,0.256289634,0.428271706
Sphagnum,660.23,0.588804929,0.574687047,0.455756559,0.618211581,0.657627247,0.274410686,0.269929066,0.430238615
Sphagnum,730.7745,0.589509847,0.563863423,0.445891008,0.629968093,0.684774788,0.267509687,0.278244533,0.427554991
Sphagnum,871.8635,0.587753104,0.537982296,0.424184245,0.65185006,0.719006728,0.251096486,0.292727661,0.42783593
Sphagnum,1012.9525,0.586468548,0.517629234,0.405557296,0.660605378,0.738734099,0.240284543,0.300718568,0.429311541
Sphagnum,1154.0415,0.585336232,0.482444324,0.371848237,0.663322972,0.743242532,0.222742752,0.307349366,0.438280024
Sphagnum,1295.1305,0.585591459,0.462901364,0.35382794,0.66745238,0.75487742,0.213338085,0.313995777,0.440970167
Sphagnum,1436.2195,0.584334531,0.477492715,0.369194836,0.670136677,0.75809913,0.218589319,0.311697382,0.43634542
Sphagnum,95.874,0.641103,0.882099187,0.779896011,0.261502943,0.21675691,0.530515324,0.080842689,0.387172059
Sphagnum,166.4185,0.630572867,0.865597845,0.761728923,0.35344957,0.304726692,0.495335757,0.114397028,0.395360582
Sphagnum,236.963,0.627320919,0.82509375,0.712787577,0.476444971,0.453453602,0.44788816,0.166858483,0.386525856
Sphagnum,307.5075,0.625424804,0.779419825,0.664276586,0.588538208,0.625786491,0.402080415,0.222821246,0.37348351
Sphagnum,378.052,0.625496939,0.731368656,0.615167859,0.670174691,0.779236182,0.361946635,0.270348587,0.36286569
Sphagnum,448.5965,0.62506996,0.68449346,0.567739484,0.726152806,0.9050946,0.327950973,0.307917567,0.356222813
Sphagnum,519.141,0.625436698,0.646863193,0.531895543,0.760586655,0.997307328,0.303622944,0.33493168,0.351366038
Sphagnum,589.6855,0.625061217,0.618153934,0.504700916,0.788020273,1.073479581,0.284910578,0.356115484,0.347122222
Sphagnum,660.23,0.625065974,0.581504675,0.470713629,0.815036004,1.158248218,0.263053402,0.379536011,0.34340919
Sphagnum,730.7745,0.625860216,0.565401495,0.457145429,0.832009795,1.219035209,0.252368698,0.393637965,0.338542199
Sphagnum,871.8635,0.626477437,0.523176139,0.419166848,0.859349193,1.316810701,0.229708562,0.419439242,0.334313968
Sphagnum,1012.9525,0.625806631,0.50656618,0.404846495,0.868754864,1.364711433,0.219580762,0.428860215,0.331599514
Sphagnum,1154.0415,0.626142413,0.477274084,0.376352996,0.870545376,1.387918054,0.206310818,0.437879697,0.334010498
Sphagnum,1295.1305,0.626029951,0.464260139,0.365544397,0.873934466,1.4080964,0.199996949,0.443041643,0.333410035
Sphagnum,1436.2195,0.625270433,0.459796815,0.361990301,0.880597667,1.432431257,0.196285424,0.44745432,0.331852867
Marchantia,0,0.78399074,0,0,1,0,0,0,0
Marchantia,50,0.78399074,0.82990131,0.694924044,0.66343746,1.05089758,0.44243822,0.285699459,0.218671172
Marchantia,75,0.78399074,0.78850915,0.644033845,0.7068627,1.24120109,0.40586809,0.329036593,0.218403675
Marchantia,125,0.78399074,0.70659048,0.57584708,0.7975962,1.71907149,0.30824591,0.437345892,0.207940465
Marchantia,200,0.78399074,0.57374257,0.471265996,0.87456093,2.3551985,0.19381499,0.565905631,0.19740897
Marchantia,300,0.78399074,0.46078359,0.389990747,0.92041667,2.91285118,0.11605209,0.658039011,0.187677271
Marchantia,500,0.78399074,0.3584233,0.309983155,0.95675402,4.33315319,0.0702014,0.755455478,0.15484153
Marchantia,750,0.78399074,0.24809358,0.212344106,0.9579341,4.1660373,0.04538718,0.769826536,0.168443022
Marchantia,1000,0.78399074,0.17463025,0.152122422,0.96421009,4.09536096,0.02654609,0.782406812,0.177070164
Marchantia,1500,0.78399074,0.14428307,0.129860797,0.97490652,4.46304874,0.01657467,0.803411314,0.168509897
Marchantia,2000,0.78399074,0.10422046,0.096087193,0.98351591,5.15112031,0.00899784,0.829892946,0.153849417
Marchantia,0,0.774523861,0,0,1,0,0,0,0
Marchantia,50,0.774523861,0.857764002,0.711510198,0.609640374,0.923034037,0.506963514,0.236651796,0.228984196
Marchantia,75,0.774523861,0.84273552,0.683930661,0.610509506,0.934513728,0.502436772,0.240359973,0.233434552
Marchantia,125,0.774523861,0.785455354,0.619804152,0.738821362,1.569161005,0.435699659,0.34465652,0.212846346
Marchantia,200,0.774523861,0.677014833,0.529000807,0.829008817,2.250453047,0.31425537,0.474775691,0.197331989
Marchantia,300,0.774523861,0.582291403,0.465154445,0.877153508,2.685579541,0.21901081,0.569085151,0.18927161
Marchantia,500,0.774523861,0.42926507,0.346720156,0.913314301,3.101260955,0.1263546,0.66062667,0.188955006
Marchantia,750,0.774523861,0.333196696,0.272650702,0.927440496,3.193253931,0.083241979,0.698131142,0.194938416
Marchantia,1000,0.774523861,0.274584709,0.22917102,0.939717288,3.344697416,0.058915388,0.724479283,0.194859094
Marchantia,1500,0.774523861,0.199759249,0.169459006,0.951429501,3.577520785,0.036482536,0.753028532,0.193812629
Marchantia,2000,0.774523861,0.151551324,0.131742256,0.96253264,3.867390377,0.022814732,0.776423629,0.187972299
Marchantia,0,0.77195098,0,0,1,0,0,0,0
Marchantia,50,0.77195098,0.82074816,0.672875744,0.6111644,0.8656783,0.45203745,0.254255672,0.241348992
Marchantia,75,0.77195098,0.80487718,0.645508643,0.56330699,0.72050367,0.44956958,0.230506417,0.25604492
Marchantia,125,0.77195098,0.74606891,0.582749578,0.70535192,1.25592614,0.39141801,0.338811635,0.236487889
Marchantia,200,0.77195098,0.64893442,0.506030009,0.77362146,1.52348265,0.28929776,0.429066764,0.236049174
Marchantia,300,0.77195098,0.54535363,0.433288045,0.8324665,1.80175928,0.19774698,0.515913993,0.23427714
Marchantia,500,0.77195098,0.36723999,0.297330741,0.89048924,2.20295516,0.09949099,0.619359584,0.237562065
Marchantia,750,0.77195098,0.2984637,0.243508968,0.92906084,3.18762971,0.07264425,0.705904516,0.199524615
Marchantia,1000,0.77195098,0.24187751,0.202016967,0.93399494,2.92227623,0.04995161,0.707829758,0.217103023
Marchantia,1500,0.77195098,0.17576543,0.150335762,0.94388615,2.86424157,0.02992909,0.719033052,0.228669093
Marchantia,2000,0.77195098,0.14315323,0.126815818,0.95969397,3.11199353,0.01871014,0.742648955,0.220202821
Marchantia,0,0.796749866,0,0,1,0,0,0,0
Marchantia,50,0.796749866,0.804319303,0.641582361,0.570738549,0.750556868,0.454042783,0.234080907,0.234434202
Marchantia,75,0.796749866,0.779102233,0.603913152,0.613332395,0.900492873,0.442299668,0.264249964,0.234309457
Marchantia,125,0.796749866,0.711019965,0.546593763,0.687085907,1.119921695,0.362646538,0.336703932,0.234598912
Marchantia,200,0.796749866,0.606910489,0.467043552,0.804335291,1.777556122,0.26243596,0.472019796,0.216995603
Marchantia,300,0.796749866,0.522047808,0.405805116,0.83339238,1.874481414,0.195630584,0.524538274,0.22395132
Marchantia,500,0.796749866,0.376845087,0.293670872,0.893031628,2.608736381,0.117755607,0.63776979,0.210086695
Marchantia,750,0.796749866,0.283107884,0.224530043,0.908827291,2.659701649,0.075538505,0.671855796,0.220270637
Marchantia,1000,0.796749866,0.206963024,0.165182612,0.927234635,3.081437754,0.050047366,0.717203125,0.211462933
Marchantia,1500,0.796749866,0.157255552,0.129137336,0.936450306,3.025543316,0.032287773,0.727319279,0.220664449
Marchantia,2000,0.796749866,0.134186038,0.111811035,0.940002015,2.941321559,0.025191714,0.727477975,0.228330001
Marchantia,0,0.793945152,0,0,1,0,0,0,0
Marchantia,50,0.793945152,0.878162375,0.717544758,0.429086942,0.486680601,0.568648032,0.141207624,0.235214662
Marchantia,75,0.793945152,0.865662246,0.688898877,0.601567556,0.990996056,0.568186214,0.21493049,0.215267812
Marchantia,125,0.793945152,0.822256031,0.624400248,0.641966588,1.148696381,0.526772933,0.252987916,0.21956025
Marchantia,200,0.793945152,0.746841788,0.546028525,0.70696341,1.428927859,0.442347756,0.328064427,0.220613329
Marchantia,300,0.793945152,0.665116105,0.487591285,0.778680341,1.832670245,0.346451602,0.422830262,0.212251275
Marchantia,500,0.793945152,0.524383462,0.397847421,0.896651563,3.476790348,0.210139498,0.613425949,0.166396909
Marchantia,750,0.793945152,0.387686391,0.299683132,0.92486403,3.989822732,0.125662057,0.699113693,0.162746514
Marchantia,1000,0.793945152,0.313903642,0.247083683,0.933266048,3.953864317,0.088748188,0.727304139,0.169322297
Marchantia,1500,0.793945152,0.222636042,0.178685015,0.942885209,3.968021646,0.053512997,0.755971126,0.176787493
Marchantia,2000,0.793945152,0.169996591,0.140023524,0.951337655,4.008169272,0.034853357,0.772432182,0.180255184
Marchantia,0,0.780599764,0,0,1,0,0,0,0
Marchantia,50,0.780599764,0.803920389,0.609582697,0.450884371,0.508412614,0.497769158,0.169277619,0.271943469
Marchantia,75,0.780599764,0.762792395,0.57874262,0.589056813,0.821025815,0.436905758,0.253876087,0.257723805
Marchantia,125,0.780599764,0.677491651,0.517464139,0.72864586,1.314441196,0.331638589,0.379582671,0.240643965
Marchantia,200,0.780599764,0.551310749,0.429815498,0.82884103,1.871625744,0.213080592,0.51288669,0.227228427
Marchantia,300,0.780599764,0.406899985,0.325869142,0.888302322,2.349281891,0.120200466,0.617116499,0.221794146
Marchantia,500,0.780599764,0.274191302,0.226330422,0.924322915,2.755692908,0.061862173,0.68834695,0.219252595
Marchantia,750,0.780599764,0.183837136,0.156348467,0.945873025,3.097251283,0.032582965,0.731303365,0.214891074
Marchantia,1000,0.780599764,0.159100027,0.138293339,0.956940072,3.372754391,0.024145907,0.752687181,0.205558908
Marchantia,1500,0.780599764,0.093047093,0.082981154,0.969592546,3.761684976,0.010976807,0.781318736,0.19774875
Marchantia,2000,0.780599764,0.106271119,0.096780047,0.977105296,4.220004252,0.010508042,0.799934266,0.17971596
Marchantia,0,0.765470928,0,0,1,0,0,0,0
Marchantia,50,0.765470928,0.84560359,0.705236267,0.563826446,0.727966283,0.476202828,0.220667894,0.248153653
Marchantia,75,0.765470928,0.832228759,0.671324146,0.655045337,1.117036376,0.489554104,0.269332469,0.232118362
Marchantia,125,0.765470928,0.7797838,0.616277225,0.738544234,1.543553631,0.426105996,0.34826715,0.21953904
Marchantia,200,0.765470928,0.689288284,0.541919036,0.821825443,2.152769941,0.321710047,0.463148993,0.203189266
Marchantia,300,0.765470928,0.578247046,0.456607405,0.882342732,2.903130399,0.223852225,0.577295138,0.185410605
Marchantia,500,0.765470928,0.429645237,0.346148474,0.922531321,3.539447389,0.127699882,0.680140139,0.176390834
Marchantia,750,0.765470928,0.332607275,0.272083261,0.936435651,3.682804043,0.083146892,0.721061634,0.179505926
Marchantia,1000,0.765470928,0.28600961,0.237379042,0.95008451,4.243721611,0.063767679,0.757688838,0.166154511
Marchantia,1500,0.765470928,0.190966598,0.159409879,0.957645369,4.444817626,0.037541148,0.785692812,0.167641509
Marchantia,2000,0.765470928,0.144128307,0.121407444,0.9619384,4.534696875,0.025860525,0.798133544,0.168606933
Marchantia,0,0.782913755,0,0,1,0,0,0,0
Marchantia,50,0.782913755,0.803547265,0.631060254,0.680459007,1.238981755,0.467520815,0.294657156,0.221489931
Marchantia,75,0.782913755,0.772337418,0.59856967,0.725150263,1.478715405,0.432871497,0.338329141,0.215636425
Marchantia,125,0.782913755,0.698264719,0.539051331,0.768497784,1.642080282,0.345403725,0.40683837,0.218047838
Marchantia,200,0.782913755,0.598123937,0.463088927,0.815275701,1.855809139,0.251503492,0.486400383,0.220949419
Marchantia,300,0.782913755,0.470256277,0.367690632,0.863462812,2.18137523,0.16220801,0.574449275,0.221855505
Marchantia,500,0.782913755,0.323814004,0.258157756,0.902399097,2.527049144,0.088504326,0.653065571,0.224311518
Marchantia,750,0.782913755,0.221699426,0.179902261,0.926331834,2.890702362,0.050966078,0.705110375,0.220287927
Marchantia,1000,0.782913755,0.174271826,0.145336002,0.944775017,3.323579606,0.033856375,0.742684428,0.206282172
Marchantia,1500,0.782913755,0.133542045,0.114107314,0.958365762,3.781464876,0.02193802,0.77350919,0.192567332
Marchantia,2000,0.782913755,0.081167781,0.071925337,0.97237399,4.318524258,0.009958728,0.803891652,0.179278284
Marchantia,0,0.776300639,0,0,1,0,0,0,0
Marchantia,50,0.776300639,0.817215809,0.675187371,0.575842611,0.726410993,0.437262673,0.236779412,0.245730198
Marchantia,75,0.776300639,0.79120201,0.630872351,0.62758182,0.925101513,0.434347467,0.271822556,0.243048293
Marchantia,125,0.776300639,0.757305215,0.605742105,0.668768077,1.024909478,0.384426315,0.31157309,0.24230632
Marchantia,200,0.776300639,0.710265817,0.579300519,0.764341428,1.421567551,0.311303682,0.404295283,0.225636569
Marchantia,300,0.776300639,0.61639654,0.510391589,0.845012541,1.915065723,0.21650966,0.514717552,0.213389316
Marchantia,500,0.776300639,0.465338718,0.392314051,0.905166252,2.464828108,0.12016843,0.625899328,0.207199355
Marchantia,750,0.776300639,0.33782784,0.291215929,0.937772068,2.933590211,0.065763203,0.696734478,0.202257492
Marchantia,1000,0.776300639,0.289095071,0.252444445,0.951233599,3.307986313,0.049027293,0.730226252,0.192899724
Marchantia,1500,0.776300639,0.2076926,0.18751114,0.969686253,3.825654663,0.024839061,0.773082463,0.182602648
Marchantia,2000,0.776300639,0.182926262,0.16845835,0.978633724,4.356494395,0.017398903,0.799160021,0.168319198
Marchantia,0,0.800553014,0,0,1,0,0,0,0
Marchantia,50,0.800553014,0.836559661,0.680769131,0.562487588,0.750000964,0.488018375,0.219420858,0.223089025
Marchantia,75,0.800553014,0.81269871,0.648107611,0.616454917,0.925021447,0.467731341,0.25576854,0.220924314
Marchantia,125,0.800553014,0.751553837,0.591474701,0.713068842,1.295714828,0.391846324,0.343245479,0.214141308
Marchantia,200,0.800553014,0.645675042,0.506349025,0.806709946,1.824341451,0.282235878,0.463629084,0.205898692
Marchantia,300,0.800553014,0.044883437,0.028890722,0.895874853,3.156891915,0.016468502,0.746928883,0.234035539
Marchantia,500,0.800553014,0.35391112,0.267371492,0.912782819,3.493030783,0.118122114,0.685601045,0.179655021
Marchantia,750,0.800553014,0.280727947,0.218426684,0.931458795,3.858809917,0.079712627,0.730881451,0.174351352
Marchantia,1000,0.800553014,0.24420035,0.196906153,0.939068481,3.716640331,0.05889,0.741580264,0.181587243
Marchantia,1500,0.800553014,0.174098841,0.144244933,0.950187943,3.822353582,0.034886042,0.76498057,0.18513948
Marchantia,2000,0.800553014,0.141029725,0.119248809,0.959274001,4.130315015,0.024729931,0.785170617,0.17828606
Marchantia,0,0.76249576,0,0,1,0,0,0,0
Marchantia,50,0.76249576,0.838402805,0.687502335,0.489779955,0.552884714,0.482885113,0.184112133,0.265951974
Marchantia,75,0.76249576,0.81498827,0.647554267,0.501710261,0.586909428,0.475063216,0.194144884,0.272787972
Marchantia,125,0.76249576,0.748529846,0.584638649,0.657520681,1.012034895,0.39457498,0.304523171,0.257136256
Marchantia,200,0.76249576,0.654041,0.517914899,0.794615148,1.670325661,0.282369442,0.448887847,0.230783461
Marchantia,300,0.76249576,0.532998866,0.431399423,0.871524697,2.274143147,0.178683329,0.570467324,0.214632349
Marchantia,500,0.76249576,0.383658106,0.318931323,0.915349364,2.678584743,0.095037086,0.658954469,0.212652927
Marchantia,750,0.76249576,0.260390628,0.220242819,0.935442192,2.865136333,0.051487578,0.703110361,0.218712368
Marchantia,1000,0.76249576,0.190928094,0.164481895,0.947834402,3.012214311,0.031652457,0.726997638,0.220250957
Marchantia,1500,0.76249576,0.145676165,0.129309161,0.961623197,3.233351289,0.018797723,0.749423194,0.215123527
Marchantia,2000,0.76249576,0.093070169,0.084815894,0.973370386,3.542200923,0.00901925,0.772808818,0.207705966
Marchantia,0,0.77559001,0,0,1,0,0,0,0
Marchantia,50,0.77559001,0.79052121,0.6346344,0.4006319,0.36076142,0.4266598,0.152002419,0.281362003
Marchantia,75,0.77559001,0.76006718,0.592138669,0.60875606,0.84286027,0.41172941,0.269054531,0.257111163
Marchantia,125,0.77559001,0.68721376,0.527375516,0.68193318,1.055106,0.3381929,0.33977646,0.257879232
Marchantia,200,0.77559001,0.59037082,0.455284317,0.77849582,1.47635755,0.24799452,0.448331448,0.246920947
Marchantia,300,0.77559001,0.47747352,0.37041041,0.80897154,1.50823209,0.17005222,0.499058237,0.263962391
Marchantia,500,0.77559001,0.35432062,0.281315269,0.89556175,2.45841828,0.10158188,0.638640947,0.225698974
Marchantia,750,0.77559001,0.26433392,0.213334379,0.91114404,2.51491703,0.06483001,0.669112501,0.235170816
Marchantia,1000,0.77559001,0.16462248,0.133979039,0.93053295,2.87920744,0.03538418,0.715952698,0.230295016
Marchantia,1500,0.77559001,0.16038494,0.134100121,0.93841188,2.88383406,0.03035549,0.719982834,0.230027756
Marchantia,2000,0.77559001,0.13161456,0.112770404,0.94169365,2.60633732,0.02123933,0.70736047,0.250244836
Zea,0,0.770359946,0,0,1,0,0,0,0
Zea,50,0.770359946,0.977266634,0.936691016,0.302674211,0.284659987,0.640914066,0.079567666,0.22589058
Zea,75,0.770359946,0.980785527,0.947329472,0.282164962,0.254572472,0.635194979,0.074024672,0.225605157
Zea,125,0.770359946,0.951172888,0.87309436,0.262845978,0.230639839,0.615248682,0.072108004,0.240410159
Zea,200,0.770359946,0.898464955,0.760325565,0.280800108,0.250462285,0.57636264,0.084852764,0.263083012
Zea,300,0.770359946,0.836970765,0.657135761,0.340807392,0.323995088,0.524507905,0.11635776,0.283410589
Zea,500,0.770359946,0.729721456,0.523899411,0.444466127,0.473984541,0.432307898,0.182550951,0.309455825
Zea,750,0.770359946,0.619470992,0.419785404,0.537566847,0.645833566,0.344158161,0.257355714,0.32743268
Zea,1000,0.770359946,0.545221371,0.363841641,0.60429186,0.798587307,0.285117263,0.317413715,0.331219556
Zea,1500,0.770359946,0.428921702,0.281170408,0.679626926,1.016580774,0.205544256,0.400493968,0.337859917
Zea,2000,0.770359946,0.358451766,0.239820755,0.742210641,1.253469261,0.156056629,0.469434881,0.327013064
Zea,0,0.766874048,0,0,1,0,0,0,0
Zea,50,0.766874048,0.976323696,0.926572833,0.125706767,0.099781852,0.677553902,0.029255137,0.241093526
Zea,75,0.766874048,0.956413701,0.86608303,0.089215445,0.069084119,0.674527444,0.021032007,0.255226568
Zea,125,0.766874048,0.910006664,0.764050665,0.202227475,0.172313659,0.618590425,0.056061856,0.271320446
Zea,200,0.766874048,0.846603194,0.669485882,0.378700565,0.385821201,0.535884255,0.129212697,0.278698031
Zea,300,0.766874048,0.790475052,0.612523369,0.525661392,0.643851962,0.459257847,0.211793948,0.273316347
Zea,500,0.766874048,0.676590211,0.50516869,0.662958602,1.007130213,0.34642416,0.327948815,0.272561546
Zea,750,0.766874048,0.529619098,0.384189513,0.751904546,1.351406336,0.236159643,0.438996307,0.276609257
Zea,1000,0.766874048,0.411884316,0.296150142,0.800443361,1.601292841,0.164430202,0.514356521,0.279682208
Zea,1500,0.766874048,0.270871379,0.191798694,0.834505955,1.821339428,0.097837859,0.582398368,0.289664787
Zea,2000,0.766874048,0.205452149,0.14674976,0.855374488,1.980523735,0.068798561,0.618772644,0.288745203
Zea,0,0.757747536,0,0,1,0,0,0,0
Zea,50,0.757747536,0.975251412,0.926978543,0.194774647,0.163964948,0.661077871,0.047743147,0.24609422
Zea,75,0.757747536,0.956198616,0.870245198,0.156456737,0.128492716,0.662429573,0.038436527,0.259702861
Zea,125,0.757747536,0.929145283,0.806997908,0.186927796,0.156596938,0.632881095,0.049705904,0.271678161
Zea,200,0.757747536,0.870796897,0.698676224,0.278193556,0.252818629,0.571215041,0.086528747,0.29084771
Zea,300,0.757747536,0.789952747,0.592058998,0.417676476,0.44046285,0.485103845,0.157444274,0.30373174
Zea,500,0.757747536,0.646978953,0.458565829,0.608093021,0.834569209,0.347988979,0.296608228,0.305910616
Zea,750,0.757747536,0.538573574,0.387328981,0.737338097,1.286699308,0.24686102,0.423782611,0.285858415
Zea,1000,0.757747536,0.46296869,0.342717123,0.8093263,1.677334439,0.182952533,0.511875481,0.26671447
Zea,1500,0.757747536,0.323118323,0.24030815,0.859387496,2.061815161,0.109004951,0.599992816,0.262227606
Zea,2000,0.757747536,0.241539901,0.182704748,0.885799009,2.31171527,0.071987635,0.647791304,0.257519438
Zea,0,0.750654054,0,0,1,0,0,0,0
Zea,50,0.750654054,0.962519333,0.88863906,0.098563588,0.075364626,0.663430758,0.023587734,0.266623603
Zea,75,0.750654054,0.95035489,0.853231191,0.073007887,0.054840243,0.661746185,0.017585527,0.275977318
Zea,125,0.750654054,0.910354898,0.763989,0.151940118,0.122051427,0.620165576,0.041316585,0.292223827
Zea,200,0.750654054,0.834686726,0.648869674,0.343296684,0.331431757,0.529196821,0.117196487,0.304428004
Zea,300,0.750654054,0.731611098,0.540168438,0.532865761,0.649136118,0.416332144,0.22974446,0.3053147
Zea,500,0.750654054,0.558905325,0.398076518,0.699949214,1.115208493,0.267191448,0.386361119,0.30178523
Zea,750,0.750654054,0.429618948,0.305162264,0.781438336,1.490637782,0.179116183,0.491296021,0.293313069
Zea,1000,0.750654054,0.349705342,0.250861259,0.822458795,1.747837847,0.131943627,0.552151133,0.285465218
Zea,1500,0.750654054,0.224793901,0.159994092,0.850035999,1.945168202,0.077142087,0.609511493,0.291814954
Zea,2000,0.750654054,0.151083901,0.108013863,0.867016838,2.083674294,0.048285546,0.643084436,0.293354133
Zea,0,0.713222661,0,0,1,0,0,0,0
Zea,50,0.713222661,0.982437613,0.961165799,0.324226479,0.267505351,0.547759787,0.095444707,0.273377198
Zea,75,0.713222661,0.933939801,0.858474495,0.350344046,0.307896718,0.533227606,0.109884585,0.29044902
Zea,125,0.713222661,0.904256138,0.79851644,0.34585207,0.306846655,0.524805588,0.111575306,0.303694963
Zea,200,0.713222661,0.861477329,0.726554244,0.390477197,0.366924695,0.493418098,0.135982188,0.315071387
Zea,300,0.713222661,0.807047921,0.653775379,0.464645366,0.476087888,0.442696829,0.179748978,0.322368073
Zea,500,0.713222661,0.678224046,0.517463072,0.588569819,0.702714205,0.333157867,0.275207335,0.334486391
Zea,750,0.713222661,0.544536211,0.399774846,0.673075767,0.911860813,0.241178437,0.361919467,0.344102456
Zea,1000,0.713222661,0.450803521,0.32727144,0.724411381,1.07072163,0.183628417,0.422126615,0.346662006
Zea,1500,0.713222661,0.324239426,0.234273184,0.78072564,1.290180562,0.117491304,0.497164103,0.348089542
Zea,2000,0.713222661,0.250746804,0.182880987,0.815332929,1.462432673,0.083054997,0.544571369,0.342787126
Zea,0,0.77280862,0,0,1,0,0,0,0
Zea,50,0.77280862,0.87086322,0.7042382,0.32598014,0.31287195,0.56337572,0.10405241,0.269658703
Zea,75,0.77280862,0.86130614,0.687382816,0.31991666,0.30385204,0.55634601,0.103389931,0.274571653
Zea,125,0.77280862,0.84437585,0.663294354,0.33823146,0.32553355,0.53780355,0.113509349,0.279190844
Zea,200,0.77280862,0.81690178,0.634231156,0.42023563,0.4431324,0.49941548,0.153710929,0.277737849
Zea,300,0.77280862,0.78728485,0.617542619,0.54835879,0.6844571,0.44382001,0.22599646,0.264195563
Zea,500,0.77280862,0.67672911,0.518505862,0.69012174,1.08143156,0.32860888,0.34882893,0.260066634
Zea,750,0.77280862,0.53171368,0.398099347,0.775525,1.44237514,0.22198736,0.459465081,0.263397717
Zea,1000,0.77280862,0.42806888,0.322182312,0.82606212,1.73313692,0.15621689,0.535059786,0.261160405
Zea,1500,0.77280862,0.30620151,0.229680708,0.86058953,2.00263624,0.09933647,0.600705938,0.264276724
Zea,2000,0.77280862,0.22396832,0.169330989,0.88061958,2.16635748,0.0657751,0.639177706,0.267211806
Zea,0,0.719990133,0,0,1,0,0,0,0
Zea,50,0.719990133,0.810246035,0.639771536,0.362684334,0.332382909,0.473239946,0.1314082,0.335860211
Zea,75,0.719990133,0.792465341,0.615819131,0.360135669,0.326562678,0.4597996,0.13298225,0.34364024
Zea,125,0.719990133,0.75710194,0.571134603,0.369101279,0.335079,0.43362635,0.142148829,0.356679307
Zea,200,0.719990133,0.69063739,0.497471655,0.40862566,0.384576374,0.384387741,0.170990879,0.375413904
Zea,300,0.719990133,0.600796563,0.420619101,0.510887136,0.540660615,0.310982743,0.241795299,0.381359214
Zea,500,0.719990133,0.443014259,0.303530081,0.65139203,0.844714614,0.200273083,0.366203536,0.380925921
Zea,750,0.719990133,0.329162064,0.227182212,0.734815495,1.110855708,0.131958469,0.456814213,0.371056144
Zea,1000,0.719990133,0.26863814,0.189301472,0.785197036,1.331635256,0.09786211,0.515225792,0.354812922
Zea,1500,0.719990133,0.196448311,0.141986055,0.828457169,1.560452205,0.063474792,0.570759659,0.341817081
Zea,2000,0.719990133,0.147610732,0.109899373,0.860200756,1.766079042,0.042367523,0.611426724,0.328012576
Zea,0,0.74397523,0,0,1,0,0,0,0
Zea,50,0.74397523,0.940314385,0.84281459,0.199852984,0.164762828,0.620285274,0.053712971,0.276711347
Zea,75,0.74397523,0.924964111,0.807407034,0.199516447,0.164478738,0.610391333,0.055030925,0.284843455
Zea,125,0.74397523,0.8734649,0.717540469,0.29672511,0.266650047,0.552023968,0.094306103,0.298353311
Zea,200,0.74397523,0.796344377,0.622967067,0.469440179,0.510925944,0.459846595,0.182655139,0.301097028
Zea,300,0.74397523,0.701106522,0.540563843,0.644345817,0.90296813,0.349434142,0.308696833,0.287871056
Zea,500,0.74397523,0.544179223,0.418976238,0.790270276,1.4920882,0.215486859,0.469711626,0.269572329
Zea,750,0.74397523,0.42162742,0.327268304,0.850496015,1.892485856,0.140262629,0.562506057,0.260180493
Zea,1000,0.74397523,0.346336148,0.270483418,0.875020941,2.10193565,0.103976703,0.607163889,0.257206551
Zea,1500,0.74397523,0.218936436,0.169449506,0.894168616,2.299383321,0.059583289,0.655388686,0.263728248
Zea,2000,0.74397523,0.170695797,0.133345799,0.905067063,2.40705355,0.043096771,0.676043766,0.263536598
Zea,0,0.721052322,0,0,1,0,0,0,0
Zea,50,0.721052322,0.949028553,0.876843801,0.30120812,0.26621268,0.586123577,0.087014728,0.283064183
Zea,75,0.721052322,0.93994423,0.855927774,0.28941731,0.252692227,0.583155118,0.084085667,0.288585183
Zea,125,0.721052322,0.917582206,0.811566624,0.300847299,0.263840199,0.56261573,0.091308658,0.297472071
Zea,200,0.721052322,0.874555481,0.740430535,0.363088273,0.336822869,0.516720817,0.121765931,0.307620088
Zea,300,0.721052322,0.814392133,0.664404875,0.473085739,0.492725519,0.446929192,0.182560087,0.311512234
Zea,500,0.721052322,0.686768614,0.535729972,0.6304449,0.808118262,0.325324989,0.30153846,0.313192197
Zea,750,0.721052322,0.552179941,0.418351742,0.721079677,1.077233059,0.230084415,0.399270808,0.316592835
Zea,1000,0.721052322,0.456515689,0.344959128,0.773445287,1.273583745,0.170304734,0.464766872,0.315928897
Zea,1500,0.721052322,0.323198163,0.243284155,0.820989522,1.498581485,0.105606363,0.536433073,0.319749612
Zea,2000,0.721052322,0.244332062,0.185143264,0.848377162,1.663420873,0.07263706,0.579178036,0.31826882