pop,lat,PPFD,FvFmprime,qP,qL,qN,NPQ,phiPSII,phiNPQ,phiNO,JETR,JNPQ,JNO,Jtot,phiNO_new,FvFmprime_mean,FvFm_mean
CB,32.284182,95.874,0.50238634,0.899258488,0.832813419,0.299203619,0.204243671,0.453008637,0.090358314,0.45663305,40.48951595,8.076147114,40.81346282,89.37912589,0.457381827,0.50238634,0.547045576
CB,32.284182,166.4185,0.478491637,0.864754565,0.784321642,0.435611128,0.32515406,0.414726557,0.140283153,0.44499029,64.34261463,21.76418341,69.03787149,155.1446695,0.444166654,0.478491637,0.546423493
CB,32.284182,236.963,0.454565858,0.802921026,0.707051053,0.566408539,0.470785206,0.366440196,0.197846612,0.435713191,80.95038185,43.70633725,96.25349395,220.910213,0.433581608,0.454565858,0.54742339
CB,32.284182,307.5075,0.434824025,0.728990003,0.623711407,0.662278759,0.601478533,0.319406445,0.248888297,0.431705257,91.56608441,71.35024095,123.7594314,286.6757567,0.427537543,0.434824025,0.547603229
CB,32.284182,378.052,0.418494085,0.658974592,0.551262775,0.737263349,0.719933671,0.279447036,0.293429568,0.427123396,98.48867685,103.4166986,150.5359253,352.4413007,0.421514065,0.418494085,0.547671901
CB,32.284182,448.5965,0.406086167,0.590474169,0.484587053,0.790516921,0.814406936,0.244134686,0.330124387,0.425740927,102.0987967,138.0602782,178.0477696,418.2068445,0.418721156,0.406086167,0.547714529
CB,32.284182,519.141,0.392375827,0.5431121,0.443389583,0.848195965,0.926477782,0.217371914,0.366647039,0.415981047,105.2020043,177.4470431,201.3233408,483.9723882,0.407867271,0.392375827,0.547966386
CB,32.284182,589.6855,0.387510611,0.496423297,0.400916674,0.868979643,0.975763074,0.197369389,0.385839483,0.416791128,108.5014397,212.1105994,229.1258928,549.7379319,0.407864356,0.387510611,0.548728772
CB,32.284182,660.23,0.382655241,0.466905507,0.375169265,0.886791568,1.021183603,0.183590747,0.400506715,0.415902538,113.0007429,246.5132751,255.9894577,615.5034757,0.40529743,0.382655241,0.548729566
CB,32.284182,730.7745,0.377413759,0.448076434,0.35809389,0.906535712,1.065703397,0.173881031,0.413493974,0.412624996,118.4597595,281.7006342,281.1086264,681.2690201,0.401437088,0.377413759,0.548329318
CB,32.284182,871.8635,0.370249809,0.416616736,0.332855154,0.932692337,1.13874278,0.158977982,0.433823509,0.407198509,129.2173208,352.6117945,330.9709916,812.8001069,0.394452836,0.370249809,0.548709916
CB,32.284182,1012.9525,0.366854441,0.397576895,0.316902649,0.944871177,1.173883012,0.149908864,0.443936553,0.406154582,141.5636166,419.2231353,383.5444415,944.3311934,0.391999806,0.366854441,0.548651187
CB,32.284182,1154.0415,0.364533587,0.393242492,0.31385839,0.9541088,1.205454691,0.147950425,0.450036361,0.402013215,159.1742818,484.1771462,432.5108548,1075.862283,0.387724738,0.364533587,0.549295217
CB,32.284182,1295.1305,0.362562021,0.391376077,0.311724702,0.958819725,1.220242448,0.145976183,0.452472412,0.401551405,176.2506754,546.31219,484.8305038,1207.393369,0.385960168,0.362562021,0.548513314
CB,32.284182,1436.2195,0.361822314,0.368341911,0.292228679,0.960969119,1.229296151,0.137207278,0.457637035,0.405155687,183.7101802,612.7414185,542.4728581,1338.924457,0.388064768,0.361822314,0.548497411
CB,32.284182,95.874,0.451489945,0.814755165,0.732694625,0.295961531,0.183465535,0.371103035,0.093180336,0.535716629,33.16886485,8.328376973,47.88188398,89.3791258,0.537353569,0.451489945,0.491120442
CB,32.284182,166.4185,0.437331398,0.790060515,0.705393606,0.372493903,0.24161725,0.348873783,0.119981256,0.531144962,54.12590777,18.61445231,82.4043096,155.1446697,0.527825033,0.437331398,0.488191842
CB,32.284182,236.963,0.423411424,0.749915487,0.660796244,0.472832047,0.324793563,0.32121372,0.158032852,0.520753428,70.95939139,34.91107104,115.0397508,220.9102133,0.51394625,0.423411424,0.489578239
CB,32.284182,307.5075,0.410261235,0.707161352,0.615865553,0.549521491,0.405014792,0.294273973,0.191539226,0.514186801,84.36121398,54.90965261,147.4048904,286.675757,0.50246794,0.410261235,0.489668661
CB,32.284182,378.052,0.398375544,0.6618223,0.570356492,0.61523704,0.482499935,0.267912934,0.223094339,0.508992727,94.42358294,78.62765902,179.3900588,352.4413007,0.492822428,0.398375544,0.489672703
CB,32.284182,448.5965,0.390890471,0.615979907,0.524063651,0.666456452,0.551898159,0.245066898,0.250516013,0.504417089,102.4886541,104.7675113,210.9506791,418.2068445,0.485944034,0.390890471,0.492306698
CB,32.284182,519.141,0.381917705,0.589731459,0.501538941,0.706279865,0.610642229,0.228902599,0.271096802,0.500000599,110.7825375,131.2033667,241.986484,483.9723882,0.477521108,0.381917705,0.491191087
CB,32.284182,589.6855,0.38022203,0.562098117,0.473941398,0.716050795,0.63361132,0.217411284,0.280397269,0.502191448,119.5192296,154.1450148,276.0736881,549.7379325,0.47793214,0.38022203,0.49227764
CB,32.284182,660.23,0.378099082,0.541308415,0.45340288,0.725680313,0.652890948,0.208176367,0.287940353,0.50388328,128.1332774,177.2282881,310.1419102,615.5034757,0.477831845,0.378099082,0.492373387
CB,32.284182,730.7745,0.375769743,0.513447214,0.427273289,0.740472398,0.680757552,0.19628153,0.298814776,0.504903694,133.7205255,203.5732494,343.9752445,681.2690194,0.476801921,0.375769743,0.493571671
CB,32.284182,871.8635,0.373287487,0.491113415,0.405791758,0.749153426,0.697257795,0.186534245,0.305646651,0.507819104,151.6150543,248.4296306,412.755422,812.8001069,0.47814068,0.373287487,0.492780591
CB,32.284182,1012.9525,0.372896047,0.467920805,0.383792457,0.746757829,0.708883058,0.177403871,0.309292538,0.513303591,167.5280094,292.0745918,484.7285931,944.3311943,0.479899928,0.372896047,0.49327195
CB,32.284182,1154.0415,0.374450631,0.451573964,0.36795013,0.739210728,0.706495244,0.171837145,0.309413517,0.518749338,184.8731029,332.8863324,558.1028465,1075.862282,0.483936911,0.374450631,0.494032949
CB,32.284182,1295.1305,0.37609294,0.450031806,0.365944483,0.736897063,0.706594064,0.171215536,0.308482821,0.520301643,206.7245029,372.4601126,628.2087538,1207.393369,0.483959647,0.37609294,0.495802148
CB,32.284182,1436.2195,0.377778332,0.418132688,0.335808206,0.719510741,0.6846693,0.159628661,0.305968607,0.534402731,213.7307182,409.6688509,715.5248863,1338.924455,0.496849153,0.377778332,0.494133217
CB,32.284182,95.874,0.512410694,0.839412035,0.744226857,0.345087789,0.266047754,0.432022568,0.11389435,0.454083082,38.61379945,10.17977744,40.58554891,89.3791258,0.447147715,0.512410694,0.567935692
CB,32.284182,166.4185,0.486265373,0.791315943,0.691321093,0.47345264,0.401199612,0.387054631,0.167539259,0.44540611,60.04946282,25.99282297,69.10238374,155.1446695,0.434800641,0.486265373,0.565712831
CB,32.284182,236.963,0.458633888,0.739751064,0.638102971,0.596134421,0.560022781,0.342467849,0.224675513,0.432856638,75.65464556,49.63311549,95.62245221,220.9102133,0.419052981,0.458633888,0.563136572
CB,32.284182,307.5075,0.440808386,0.691736214,0.589395297,0.674339174,0.69090691,0.308732249,0.268424671,0.42284308,88.50605119,76.95084576,121.2188601,286.675757,0.406961111,0.440808386,0.563717093
CB,32.284182,378.052,0.428878589,0.646070803,0.543273902,0.719382832,0.780465814,0.280686155,0.297418908,0.421894936,98.92539357,104.8227068,148.6932,352.4413004,0.401663394,0.428878589,0.563000571
CB,32.284182,448.5965,0.42204658,0.614141738,0.513306519,0.746953804,0.84155825,0.262969757,0.317404893,0.41962535,109.9757523,132.7408987,175.4901935,418.2068445,0.397864035,0.42204658,0.563783104
CB,32.284182,519.141,0.413195725,0.577704998,0.479663821,0.777264108,0.905644304,0.242779358,0.339128979,0.418091663,117.4985057,164.1290619,202.3448206,483.9723882,0.394524835,0.413195725,0.562534858
CB,32.284182,589.6855,0.411335116,0.5563855,0.459186388,0.787138881,0.930847489,0.232647929,0.347857886,0.419494185,127.8953914,191.2306749,230.6118657,549.7379319,0.394625808,0.411335116,0.563522825
CB,32.284182,660.23,0.411205135,0.526027537,0.429270654,0.7829389,0.930279746,0.220306298,0.351743191,0.427950511,135.5992921,216.4991566,263.4050269,615.5034757,0.400957355,0.411205135,0.562765681
CB,32.284182,730.7745,0.410297711,0.513422495,0.418032349,0.787007489,0.941549659,0.214251343,0.356769777,0.42897888,145.9628024,243.0561961,292.2500209,681.2690194,0.401359807,0.410297711,0.563174534
CB,32.284182,871.8635,0.409169359,0.491576035,0.39610076,0.789893669,0.950602295,0.204476726,0.361564924,0.43395835,166.1987047,293.8800089,352.7213933,812.8001069,0.40476654,0.409169359,0.562749588
CB,32.284182,1012.9525,0.410427388,0.480974846,0.386104775,0.782915817,0.944956155,0.200521923,0.361153427,0.43832465,189.359107,341.0484471,413.9236402,944.3311943,0.407840031,0.410427388,0.562797922
CB,32.284182,1154.0415,0.411832715,0.456745059,0.363356163,0.774911272,0.924310238,0.1906226,0.360587933,0.448789467,205.0836654,387.9429564,482.83566,1075.862282,0.416705035,0.411832715,0.561817789
CB,32.284182,1295.1305,0.411679455,0.458284382,0.364548248,0.77462084,0.927204403,0.191187209,0.359984354,0.448828437,230.8381684,434.6427221,541.9124788,1207.393369,0.415953119,0.411679455,0.561748675
CB,32.284182,1436.2195,0.413828522,0.441959591,0.348288339,0.762327097,0.908814269,0.184611493,0.356663975,0.458724532,247.180843,477.546119,614.1974948,1338.924457,0.423103486,0.413828522,0.561064276
CB,32.284182,95.874,0.456251106,0.801934846,0.716905321,0.315120032,0.204002176,0.369695242,0.101666948,0.528637811,33.04303754,9.086902935,47.24918541,89.37912589,0.516834006,0.456251106,0.500110361
CB,32.284182,166.4185,0.439801073,0.771444367,0.682551191,0.412284206,0.282022105,0.342727161,0.137086014,0.520186825,53.17229213,21.26816434,80.70421306,155.1446695,0.503712439,0.439801073,0.498628487
CB,32.284182,236.963,0.421674527,0.73621865,0.6454623,0.519002555,0.381882685,0.313426779,0.179486821,0.5070864,69.23917659,39.65047191,112.0205648,220.9102133,0.488511392,0.421674527,0.497923993
CB,32.284182,307.5075,0.406938334,0.698104855,0.606838466,0.595670619,0.47291299,0.287019659,0.215067615,0.497912726,82.28157802,61.65467134,142.7395076,286.675757,0.476310954,0.406938334,0.497461529
CB,32.284182,378.052,0.395506931,0.650444171,0.558640699,0.653550325,0.542857775,0.260361369,0.244258698,0.495379933,91.76209955,86.08685324,174.5923479,352.4413007,0.472130577,0.395506931,0.496311179
CB,32.284182,448.5965,0.388684797,0.606251027,0.51533726,0.696136024,0.604256866,0.238662007,0.269131206,0.492206788,99.81008484,112.5525124,205.8442476,418.2068449,0.467777368,0.388684797,0.49815545
CB,32.284182,519.141,0.378867192,0.587566069,0.499928096,0.737877772,0.665143193,0.225422025,0.289282904,0.485295071,109.0980358,140.0049379,234.8694145,483.9723882,0.458311218,0.378867192,0.496195785
CB,32.284182,589.6855,0.37834352,0.561337652,0.473414074,0.744114642,0.680069598,0.215252968,0.296854412,0.48789262,118.3327215,163.1921305,268.2130799,549.7379319,0.460581809,0.37834352,0.497570257
CB,32.284182,660.23,0.374729739,0.526923619,0.441616603,0.756150339,0.696947747,0.200290575,0.306412577,0.493296849,123.2795451,188.5980061,303.6259251,615.5034763,0.464278545,0.374729739,0.495882224
CB,32.284182,730.7745,0.372374402,0.520320846,0.435930613,0.762362626,0.704576935,0.196257486,0.30937237,0.494370144,133.704145,210.7658111,336.7990632,681.2690194,0.464509888,0.372374402,0.494343509
CB,32.284182,871.8635,0.372516165,0.489969097,0.405976251,0.763606969,0.713197941,0.185181464,0.314977686,0.49984085,150.5155137,256.0138968,406.2706963,812.8001069,0.469065514,0.372516165,0.495288714
CB,32.284182,1012.9525,0.37254257,0.485174372,0.402603939,0.753513583,0.704383873,0.182726575,0.310919248,0.506354176,172.5544048,293.6107448,478.1660438,944.3311934,0.472246964,0.37254257,0.493441526
CB,32.284182,1154.0415,0.370309189,0.461919527,0.381266606,0.762105751,0.720524397,0.1731663,0.318825146,0.508008555,186.3030907,343.0119491,546.5472432,1075.862283,0.473352832,0.370309189,0.493119189
CB,32.284182,1295.1305,0.37320961,0.457124785,0.375585567,0.749997273,0.703615623,0.17207315,0.313527804,0.514399046,207.7599803,378.5513916,621.0819973,1207.393369,0.478688423,0.37320961,0.493746066
CB,32.284182,1436.2195,0.374128947,0.441148138,0.359877617,0.742315882,0.686784558,0.166325808,0.31196462,0.521709571,222.6976921,417.6970594,698.5297039,1338.924455,0.486611991,0.374128947,0.49253046
CI,30.70123,95.874,0.492555664,0.86965442,0.798994308,0.33993648,0.238819539,0.430981536,0.106270148,0.462748316,38.60082569,9.518077032,41.44601472,89.56491744,0.458900077,0.492555664,0.543436796
CI,30.70123,166.4185,0.468289433,0.861018862,0.786433646,0.476281137,0.368814027,0.405323908,0.154324773,0.440351319,63.01455988,23.99243533,68.46017225,155.4671675,0.434695897,0.468289433,0.54325068
CI,30.70123,236.963,0.426120053,0.795143392,0.712523055,0.681386362,0.626306478,0.341306424,0.243706159,0.414987418,75.55480426,53.94909045,91.86552298,221.3694177,0.406229786,0.426120053,0.541437709
CI,30.70123,307.5075,0.395627529,0.737095673,0.651950051,0.811319999,0.860014672,0.294332551,0.311244458,0.394422992,84.55340272,89.41171445,113.3065506,287.2716678,0.381017873,0.395627529,0.54103218
CI,30.70123,378.052,0.373331225,0.649216599,0.562136649,0.902779701,1.071744468,0.245540997,0.372143634,0.382315369,86.71867582,131.4314251,135.0238166,353.1739175,0.365423052,0.373331225,0.542584727
CI,30.70123,448.5965,0.359497322,0.612013905,0.528045596,0.958059858,1.223867859,0.223580548,0.407282911,0.369136542,93.69727919,170.6825614,154.6963273,419.0761679,0.350996144,0.359497322,0.543766413
CI,30.70123,519.141,0.349545664,0.563997892,0.483718668,0.99095654,1.334758442,0.201199569,0.433691806,0.365108626,97.57744858,210.3311658,177.0698037,484.978418,0.34386901,0.349545664,0.543737155
CI,30.70123,589.6855,0.343289201,0.539129896,0.461048368,1.012818755,1.40917943,0.188499094,0.450445888,0.361055018,103.8405067,248.1419315,198.8982293,550.8806676,0.338274611,0.343289201,0.543765439
CI,30.70123,660.23,0.338857385,0.508202119,0.431519558,1.027119047,1.472162051,0.175905703,0.465388374,0.358705922,108.4956327,287.0435991,221.2436851,616.782917,0.334811514,0.338857385,0.544604632
CI,30.70123,730.7745,0.336707612,0.494893345,0.419228274,1.034334104,1.501347642,0.169947372,0.47146637,0.358586258,116.0205501,321.8630978,244.8015196,682.6851676,0.333230887,0.336707612,0.544476834
CI,30.70123,871.8635,0.332296784,0.469184484,0.395676302,1.049221415,1.562889092,0.159299797,0.484849476,0.355850727,129.7480387,394.9048886,289.8367404,814.4896676,0.32955836,0.332296784,0.544837211
CI,30.70123,1012.9525,0.327944918,0.465194993,0.394389648,1.062542177,1.604636453,0.155616925,0.491528587,0.352854489,147.2593885,465.1306351,333.904145,946.2941686,0.325651726,0.327944918,0.543575725
CI,30.70123,95.874,0.461111974,0.830792678,0.748410837,0.251098705,0.153355691,0.387170246,0.076554212,0.536275541,34.67687112,6.856571677,48.03147455,89.56491735,0.541741572,0.461111974,0.494376052
CI,30.70123,166.4185,0.446485073,0.79746788,0.706921689,0.335854816,0.212988808,0.360225164,0.105606441,0.534168395,56.00318589,16.41833425,83.04564732,155.4671675,0.537106289,0.446485073,0.491683456
CI,30.70123,236.963,0.430197404,0.727591187,0.630072177,0.442123018,0.297956328,0.318833717,0.147707232,0.533459051,70.5800342,32.6978639,118.0915194,221.3694175,0.532469391,0.430197404,0.491201905
CI,30.70123,307.5075,0.416343586,0.673141597,0.575321873,0.526654948,0.380703785,0.287047742,0.184529206,0.528423052,82.46068349,53.01001271,151.8009713,287.2716675,0.522740835,0.416343586,0.49150431
CI,30.70123,378.052,0.408320257,0.598442181,0.497974166,0.587763644,0.457440691,0.251017177,0.219750934,0.529231889,88.65271976,77.61029824,186.9108995,353.1739175,0.519048001,0.408320257,0.495788471
CI,30.70123,448.5965,0.400386933,0.574787633,0.477404115,0.630967538,0.511111844,0.236500028,0.24010886,0.523391112,99.11152535,100.6239008,219.3407413,419.0761675,0.509464472,0.400386933,0.495927579
CI,30.70123,519.141,0.394898518,0.551547265,0.455074592,0.66363153,0.555139934,0.223418109,0.258047248,0.518534643,108.352961,125.147346,251.4781106,484.9784175,0.50338495,0.394898518,0.496898791
CI,30.70123,589.6855,0.390434438,0.51499806,0.420816271,0.682824281,0.587719012,0.20688389,0.27215484,0.52096127,113.9683354,149.9248399,286.9874922,550.8806676,0.503215382,0.390434438,0.496740785
CI,30.70123,660.23,0.389609558,0.489141226,0.397042852,0.695806588,0.616664875,0.195909955,0.283406262,0.520683783,120.8339136,174.8001411,321.1488628,616.7829176,0.500539455,0.389609558,0.499907621
CI,30.70123,730.7745,0.387851347,0.478045646,0.386834941,0.703305102,0.628090755,0.190595275,0.288317819,0.521086907,130.1165673,196.8302986,355.7383024,682.6851683,0.500035289,0.387851347,0.499446033
CI,30.70123,871.8635,0.387830263,0.445658878,0.357198112,0.710154143,0.651097224,0.177802446,0.298473146,0.523724408,144.8182551,243.1032935,426.568119,814.4896676,0.500748045,0.387830263,0.502515707
CI,30.70123,1012.9525,0.384451592,0.440853601,0.353353514,0.719251259,0.668153135,0.173920243,0.302719561,0.523360196,164.5797116,286.461755,495.2527011,946.2941677,0.497703798,0.384451592,0.500886286
DS,39.026,95.874,0.476716734,0.762303248,0.658982525,0.264088457,0.171693493,0.367135135,0.08791142,0.544953445,32.36754466,7.750488965,48.04444817,88.16248179,0.537242852,0.476716734,0.513827729
DS,39.026,166.4185,0.463917554,0.72383298,0.617302233,0.316442653,0.209458395,0.339951072,0.108720912,0.551328015,52.02366905,16.63786707,84.37127738,153.0328135,0.544024534,0.463917554,0.508627844
DS,39.026,236.963,0.448733628,0.683076214,0.576662416,0.385666325,0.265206245,0.310468765,0.136622,0.552909235,67.65212048,29.77036355,120.4806615,217.9031455,0.542887451,0.448733628,0.503967033
DS,39.026,307.5075,0.43845454,0.641978226,0.536000229,0.442009183,0.319468423,0.284911061,0.162669216,0.552419724,80.56529146,45.99853987,156.2096463,282.7734777,0.538965703,0.43845454,0.503353292
DS,39.026,378.052,0.429954401,0.59838993,0.494242682,0.490219947,0.364854094,0.261434038,0.185810696,0.552755266,90.88592483,64.59593815,192.1619462,347.6438092,0.537968013,0.429954401,0.502656095
DS,39.026,448.5965,0.42484829,0.577876441,0.475409717,0.514371998,0.392004468,0.248963683,0.198706237,0.55233008,102.7010399,81.96913269,227.8439686,412.5141411,0.535691212,0.42484829,0.502022163
DS,39.026,519.141,0.421669053,0.560084907,0.458643757,0.527035228,0.404492451,0.239883532,0.205199948,0.55491652,114.5166735,97.95926903,264.9085304,477.384473,0.5375235,0.421669053,0.500881979
DS,39.026,589.6855,0.419412894,0.542675216,0.442121109,0.539791084,0.419973442,0.230061504,0.212843277,0.55709522,124.7519559,115.4152896,302.0875598,542.2548054,0.537289772,0.419412894,0.501078905
DS,39.026,660.23,0.419867275,0.52163462,0.421091837,0.541406322,0.424744069,0.222036259,0.216660197,0.561303544,134.8037941,131.5398517,340.7814909,607.1251367,0.541424505,0.419867275,0.502100652
DS,39.026,730.7745,0.41872419,0.5083494,0.410025992,0.542228505,0.424098698,0.215872571,0.217664877,0.566462551,145.0653895,146.269811,380.6602674,671.9954679,0.545794438,0.41872419,0.500801192
DS,39.026,871.8635,0.417730988,0.484005696,0.385976795,0.552082975,0.437163026,0.204439573,0.225025298,0.57053513,163.9065925,180.4109121,457.4186284,801.7361331,0.548658127,0.417730988,0.501868796
DS,39.026,1012.9525,0.418068886,0.469760892,0.372343973,0.547988131,0.433351676,0.198586979,0.225570239,0.575842782,184.9791629,210.1134435,536.3841896,931.476796,0.553033785,0.418068886,0.501595751
DS,39.026,1154.0415,0.420027261,0.456148654,0.358878772,0.538034075,0.42479036,0.193322393,0.223501148,0.583176459,205.1570988,237.1833205,618.8770404,1061.21746,0.560152168,0.420027261,0.502089376
DS,39.026,1295.1305,0.420222297,0.439349028,0.342504829,0.534167676,0.422176942,0.186023078,0.223216679,0.590760242,221.5456959,265.8417171,703.5707092,1190.958122,0.566329343,0.420222297,0.501611333
DS,39.026,1436.2195,0.424469051,0.425636815,0.330117589,0.520294633,0.409771743,0.182038582,0.219943975,0.598017442,240.4181345,290.479741,789.8009103,1320.698786,0.573886675,0.424469051,0.503927881
DS,39.026,95.874,0.514796413,0.759647839,0.640821028,0.261130167,0.185023559,0.395165828,0.090274726,0.514559446,34.83880012,7.958843887,45.36483779,88.16248179,0.501072745,0.514796413,0.554377215
DS,39.026,166.4185,0.504344734,0.729086821,0.611334198,0.307441599,0.224829687,0.371732934,0.109877672,0.518389394,56.88733682,16.8148893,79.33058753,153.0328137,0.50376207,0.504344734,0.551734322
DS,39.026,236.963,0.491281171,0.694457588,0.575565541,0.360169757,0.271473224,0.345484859,0.132300154,0.522214987,75.2822375,28.82861971,113.7922883,217.9031455,0.505681039,0.491281171,0.547517357
DS,39.026,307.5075,0.482854279,0.676305959,0.558334945,0.402161487,0.310668459,0.330673183,0.15036657,0.518960247,93.50560583,42.51967788,146.7481937,282.7734774,0.502049716,0.482854279,0.546270687
DS,39.026,378.052,0.472854358,0.640292924,0.523085883,0.442943882,0.352126154,0.307014911,0.170740106,0.522244982,106.7318332,59.35674084,181.5552349,347.6438089,0.504041807,0.472854358,0.543442652
DS,39.026,448.5965,0.468875649,0.623610041,0.50770469,0.468591554,0.379488757,0.296351745,0.183453057,0.520195198,122.2492856,75.67698024,214.5878753,412.5141411,0.501521462,0.468875649,0.544353651
DS,39.026,519.141,0.462927171,0.621044491,0.508146561,0.493942255,0.406947348,0.291225861,0.194060006,0.514714133,139.0267042,92.64123369,245.7165351,477.384473,0.494767896,0.462927171,0.542916124
DS,39.026,589.6855,0.458775602,0.595024726,0.482421803,0.515482645,0.43272734,0.276378223,0.206835555,0.516786222,149.8674194,112.1575735,280.2298119,542.2548048,0.495867341,0.458775602,0.543030647
DS,39.026,660.23,0.457281548,0.581193368,0.469187391,0.523114266,0.444296894,0.26853878,0.212381725,0.519079495,163.0366435,128.9422838,315.1462094,607.1251367,0.497163061,0.457281548,0.543403499
DS,39.026,730.7745,0.455513293,0.561041416,0.449774693,0.530830177,0.4534953,0.258151078,0.218887579,0.522961342,173.4763546,147.0914612,351.427652,671.9954679,0.500292735,0.455513293,0.543218907
DS,39.026,871.8635,0.451285916,0.532802488,0.423679261,0.554033094,0.483321233,0.243326884,0.232581,0.524092117,195.0839549,186.4685914,420.1835868,801.7361331,0.500445716,0.451285916,0.543682354
DS,39.026,1012.9525,0.447462062,0.521572542,0.413897551,0.562838156,0.497788594,0.23591611,0.238494852,0.525589038,219.7503823,222.1524206,489.5739931,931.476796,0.50024799,0.447462062,0.541827264
DS,39.026,1154.0415,0.446462707,0.510020496,0.402140097,0.562931087,0.497667707,0.229306072,0.24002968,0.530664248,243.3436072,254.7236873,563.1501652,1061.21746,0.504235716,0.446462707,0.540721176
DS,39.026,1295.1305,0.446102066,0.496131577,0.39136729,0.570132825,0.506511166,0.22312883,0.245131709,0.531739462,265.7370927,291.9416001,633.2794318,1190.958125,0.505402069,0.446102066,0.541814651
DS,39.026,1436.2195,0.448762784,0.48405025,0.378699075,0.554627201,0.490938384,0.218978099,0.240966165,0.540055736,289.2041098,318.2437219,713.2509555,1320.698787,0.513295675,0.448762784,0.541898829
DS,39.026,95.874,0.471646882,0.842456452,0.759436004,0.227109147,0.136839548,0.400915901,0.068821586,0.530262513,35.34574082,6.067481823,46.74925915,88.16248179,0.534308719,0.471646882,0.501500442
DS,39.026,166.4185,0.455044518,0.792461733,0.697921,0.334265519,0.216641789,0.365201377,0.10629421,0.528504413,55.88779427,16.26650203,80.87851735,153.0328137,0.524184077,0.455044518,0.501107577
DS,39.026,236.963,0.426034579,0.715603055,0.616330784,0.494009606,0.363428423,0.310040791,0.170302065,0.519657144,67.5588636,37.10935565,113.2349263,217.9031455,0.509136331,0.426034579,0.497851008
DS,39.026,307.5075,0.403035654,0.644186318,0.546407336,0.616159067,0.505366085,0.265251195,0.226735991,0.508012814,75.00600279,64.11492462,143.65255,282.7734774,0.491298173,0.403035654,0.496624948
DS,39.026,378.052,0.389927513,0.600432359,0.506280959,0.691436706,0.617302262,0.239426865,0.26557813,0.494995006,83.23526738,92.32659276,172.0819494,347.6438096,0.473076329,0.389927513,0.498903806
DS,39.026,448.5965,0.380682493,0.548787408,0.457257881,0.739826132,0.692517568,0.214740656,0.293182725,0.492076619,88.58355727,120.94202,202.9885638,412.5141411,0.467039417,0.380682493,0.499171613
DS,39.026,519.141,0.374662405,0.509395538,0.421335157,0.773317575,0.755179856,0.196027016,0.315595577,0.488377408,93.58025372,150.6604282,233.1437915,477.3844734,0.460501089,0.374662405,0.50104181
DS,39.026,589.6855,0.371698643,0.501263126,0.414580702,0.78903014,0.790084705,0.191036073,0.324707258,0.484256668,103.5902285,176.0740708,262.590505,542.2548043,0.454322765,0.371698643,0.501867593
DS,39.026,660.23,0.3692216,0.47955962,0.394887773,0.805992541,0.824076258,0.181920938,0.336516222,0.48156284,110.4487743,204.3074573,292.3689051,607.1251367,0.450885141,0.3692216,0.503663425
DS,39.026,730.7745,0.368185118,0.458284804,0.374684372,0.812028853,0.844302839,0.173414958,0.343575554,0.483009488,116.534066,230.8812154,324.5801872,671.9954685,0.45057901,0.368185118,0.504751764
DS,39.026,871.8635,0.362091371,0.462304942,0.381010411,0.831976934,0.871609227,0.171520474,0.350410015,0.478069511,137.5141614,280.9363701,383.2856007,801.7361323,0.444739795,0.362091371,0.501497726
DS,39.026,1012.9525,0.361668266,0.442017446,0.362280925,0.837237003,0.892547952,0.163182693,0.357179208,0.479638099,152.000892,332.7041443,446.7717597,931.476796,0.443963336,0.361668266,0.503181455
DS,39.026,1154.0415,0.36137119,0.414247651,0.335306961,0.836714079,0.890850122,0.152411327,0.36062367,0.486965003,161.7415613,382.700135,516.7757635,1061.21746,0.450028677,0.36137119,0.502661442
DS,39.026,1295.1305,0.3600676,0.425335037,0.347370431,0.836594461,0.896840535,0.156467155,0.359386945,0.484145901,186.3458293,428.0148016,576.5974937,1190.958125,0.446967426,0.3600676,0.501454004
DS,39.026,1436.2195,0.360647,0.412644922,0.334321534,0.834415946,0.898388584,0.151339155,0.361157009,0.487503836,199.8734385,476.9796238,643.8457249,1320.698787,0.448764376,0.360647,0.502023147
DS,39.026,95.874,0.546543938,0.767817227,0.640616764,0.255262011,0.194856168,0.423557264,0.090098127,0.486344609,37.34185958,7.943274481,42.87734774,88.16248179,0.465873484,0.546543938,0.587732412
DS,39.026,166.4185,0.537773088,0.75825641,0.631372549,0.284047886,0.221822304,0.410955526,0.101792089,0.487252385,62.88968043,15.57752979,74.56560344,153.0328137,0.464367271,0.537773088,0.584046558
DS,39.026,236.963,0.527509899,0.7172115,0.587131273,0.329184597,0.265718877,0.381392728,0.123106475,0.495500797,83.10667511,26.82528814,107.9711823,217.9031455,0.470314751,0.527509899,0.582135571
DS,39.026,307.5075,0.514208781,0.678590656,0.548941869,0.383440121,0.323254116,0.35259967,0.149291178,0.498109152,99.70583481,42.21558554,140.852057,282.7734774,0.47213924,0.514208781,0.579103662
DS,39.026,378.052,0.504335032,0.670456437,0.544727981,0.42237379,0.36563787,0.340798217,0.165979735,0.493222049,118.4763903,57.70182733,171.4655919,347.6438096,0.465118454,0.504335032,0.576681031
DS,39.026,448.5965,0.49821758,0.644153202,0.519190289,0.445874707,0.39315964,0.323281048,0.179203969,0.497514982,133.3580038,73.92417135,205.2319655,412.5141407,0.468306975,0.49821758,0.575300274
DS,39.026,519.141,0.489651536,0.608934523,0.486655216,0.478404198,0.435868388,0.300652016,0.198616876,0.500731108,143.5266042,94.81661267,239.0412561,477.384473,0.470006337,0.489651536,0.573625116
DS,39.026,589.6855,0.485826514,0.602387976,0.481169443,0.496559575,0.457813158,0.294987658,0.207099398,0.497912943,159.9584749,112.3006436,269.9956857,542.2548043,0.467061008,0.485826514,0.573320258
DS,39.026,660.23,0.482595818,0.5781902,0.459766003,0.503921145,0.467424428,0.281469056,0.213787329,0.504743615,170.8869391,129.7956613,306.4425362,607.1251367,0.472476812,0.482595818,0.571560273
DS,39.026,730.7745,0.47984205,0.553723308,0.432979156,0.520050282,0.49031959,0.267920593,0.224646465,0.507432942,180.0414244,150.9614065,340.9926376,671.9954685,0.475513997,0.47984205,0.572326613
DS,39.026,871.8635,0.476186003,0.548923089,0.43216702,0.529593099,0.507512844,0.263406823,0.230293321,0.506299856,211.1827675,184.6344765,405.9188883,801.7361323,0.472505431,0.476186003,0.57121416
DS,39.026,1012.9525,0.473829589,0.52509636,0.410117297,0.537669688,0.519008507,0.250562904,0.237524219,0.511912877,233.393531,221.2482985,476.8349665,931.476796,0.477179835,0.473829589,0.570461542
DS,39.026,1154.0415,0.47401421,0.504977162,0.388407645,0.530385881,0.501992549,0.240814673,0.235463156,0.523722171,255.5567355,249.8776123,555.7831119,1061.21746,0.489618048,0.47401421,0.568318495
DS,39.026,1295.1305,0.471861051,0.498331314,0.383559363,0.538342461,0.519173882,0.236496954,0.241375205,0.52212784,281.6579685,287.4677612,621.8323925,1190.958122,0.486805116,0.471861051,0.568419965
DS,39.026,1436.2195,0.473122326,0.486627985,0.37363045,0.535207878,0.518689458,0.231734306,0.24169686,0.526568834,306.0512169,319.2087499,695.4388204,1320.698787,0.489833767,0.473122326,0.569381992
FB,44.99013,95.874,0.548951488,0.856183742,0.758752969,0.240433262,0.175108344,0.473529784,0.076663924,0.449806292,41.68760686,6.749175305,39.59908859,88.03587076,0.441626972,0.548951488,0.586563364
FB,44.99013,166.4185,0.530497423,0.82560932,0.719761282,0.327389626,0.249530278,0.441054862,0.108549297,0.450395842,67.39893501,16.58774825,68.82635857,152.8130418,0.442769596,0.530497423,0.583108921
FB,44.99013,236.963,0.510164012,0.795484869,0.683343346,0.428967879,0.354477024,0.408084876,0.149808689,0.442106435,88.79527492,32.59690449,96.19803318,217.5902126,0.433888551,0.510164012,0.581927439
FB,44.99013,307.5075,0.490990218,0.736884691,0.619057859,0.520036675,0.467932068,0.364406565,0.195446959,0.440146476,102.8965283,55.18784643,124.2830088,282.3673835,0.429519879,0.490990218,0.581749509
FB,44.99013,378.052,0.473925255,0.688758943,0.571346726,0.597169235,0.58065466,0.329133987,0.237016941,0.433849072,114.2570713,82.27914037,150.6083428,347.1445544,0.420909123,0.473925255,0.582079343
FB,44.99013,448.5965,0.458596947,0.645559893,0.53062184,0.660208137,0.682956455,0.299428256,0.272993544,0.427578199,123.3410038,112.4519717,176.1287494,411.9217249,0.413144382,0.458596947,0.581345709
FB,44.99013,519.141,0.448370992,0.602266975,0.48933169,0.699830007,0.758286831,0.273355203,0.300314817,0.42632998,130.3081236,143.1597418,203.2310309,476.6988963,0.410085661,0.448370992,0.581125145
FB,44.99013,589.6855,0.43867959,0.591826233,0.483602744,0.740267668,0.840126366,0.262762734,0.322671569,0.414565697,142.2797318,174.7189322,224.4774032,541.4760672,0.39783454,0.43867959,0.582066004
FB,44.99013,660.23,0.430698515,0.55900345,0.453770415,0.768611574,0.893815293,0.243817656,0.341856816,0.414325527,147.8152435,207.2518017,251.1861924,606.2532375,0.396137501,0.430698515,0.580785918
FB,44.99013,730.7745,0.423653842,0.536014851,0.43380599,0.792325106,0.953740139,0.230164435,0.35904553,0.410790035,154.447335,240.9304688,275.6526052,671.030409,0.391001424,0.423653842,0.5806387
FB,44.99013,871.8635,0.416302605,0.512688102,0.414478607,0.819651468,1.023127065,0.216553352,0.378386663,0.405059984,173.3693114,302.9305923,324.2848464,800.58475,0.384591438,0.416302605,0.581157968
FB,44.99013,95.874,0.592610326,0.859095228,0.741983703,0.222158789,0.177555483,0.510628582,0.071003948,0.41836747,44.95363185,6.250894389,36.83134452,88.03587076,0.407645987,0.592610326,0.629521307
FB,44.99013,166.4185,0.576326429,0.833929427,0.711886111,0.28751738,0.237308605,0.48218385,0.095802124,0.422014026,73.68398076,14.63981397,64.48924694,152.8130417,0.411479772,0.576326429,0.625100673
FB,44.99013,236.963,0.557233141,0.800903677,0.67393259,0.362372768,0.315167325,0.448191259,0.127368112,0.424440629,97.52203133,27.71405457,92.3541267,217.5902126,0.412465944,0.557233141,0.620535402
FB,44.99013,307.5075,0.53689303,0.762087465,0.63247131,0.449880296,0.423068457,0.410796395,0.167720963,0.421482642,115.9955032,47.35892948,119.0129508,282.3673835,0.406609153,0.53689303,0.618668065
FB,44.99013,378.052,0.514559704,0.710057948,0.580108726,0.540824212,0.555670723,0.367595269,0.21595853,0.416446201,127.6086959,74.96882767,144.5670309,347.1445544,0.399825845,0.514559704,0.617241175
FB,44.99013,448.5965,0.498616509,0.691450677,0.566377432,0.603668283,0.664983834,0.347134794,0.248349083,0.404516123,142.9923633,102.3003828,166.6289793,411.9217253,0.386593696,0.498616509,0.616968487
FB,44.99013,519.141,0.485224335,0.63972266,0.516794389,0.653048204,0.763379726,0.31328523,0.282662236,0.404052534,149.3427234,134.7447759,192.611397,476.6988963,0.38376285,0.485224335,0.616781564
FB,44.99013,589.6855,0.474156537,0.637012329,0.519256404,0.694792665,0.855438804,0.304744415,0.304566435,0.390689149,165.0118073,164.9154354,211.5488239,541.4760666,0.36994469,0.474156537,0.617405087
FB,44.99013,660.23,0.465956869,0.597367656,0.480017038,0.719519944,0.910482003,0.280871562,0.32524753,0.393880908,170.2792939,197.1823682,238.7915759,606.2532381,0.371418707,0.465956869,0.616006381
FB,44.99013,730.7745,0.458291214,0.580076923,0.466295301,0.746455056,0.977707573,0.268509764,0.342802576,0.38868766,180.1782168,230.0309528,260.8212395,671.030409,0.365412794,0.458291214,0.616316701
FB,44.99013,871.8635,0.449109912,0.559041427,0.450193959,0.776038753,1.051838228,0.253672575,0.362790839,0.383536586,203.0863953,290.4448134,307.0535421,800.5847508,0.359169745,0.449109912,0.615543017
FB,44.99013,95.874,0.559220724,0.847056416,0.738121526,0.260076652,0.201580916,0.475889429,0.084823622,0.43928695,41.89534027,7.467521423,38.67300915,88.03587084,0.430402497,0.559220724,0.601811068
FB,44.99013,166.4185,0.544704642,0.819208555,0.702604772,0.332969155,0.270900324,0.447822264,0.113652872,0.438524864,68.43308229,17.36764107,67.01231832,152.8130417,0.432632988,0.544704642,0.600693876
FB,44.99013,236.963,0.5154683,0.760739322,0.637861567,0.455629067,0.408207741,0.393705979,0.168434799,0.437859221,85.66656767,36.64976372,95.27388098,217.5902124,0.427901644,0.5154683,0.595700305
FB,44.99013,307.5075,0.490948701,0.717929155,0.599211888,0.560644513,0.556334746,0.355134434,0.220236223,0.424629343,100.2783809,62.18752604,119.9014765,282.3673835,0.412295895,0.490948701,0.594367622
FB,44.99013,378.052,0.473224865,0.652251392,0.535811724,0.634638329,0.678361315,0.312391197,0.265663401,0.421945402,108.4449029,92.22360297,146.4760486,347.1445544,0.406737224,0.473224865,0.594260982
FB,44.99013,448.5965,0.460054341,0.626375549,0.512665448,0.685666634,0.770013257,0.292074391,0.294268638,0.413656971,120.3117871,121.2156451,170.3942932,411.9217253,0.397772861,0.460054341,0.593573747
FB,44.99013,519.141,0.451356346,0.592950446,0.482687979,0.715586425,0.833087068,0.270997721,0.315892654,0.413109625,129.1843145,150.5856795,196.9289023,476.6988963,0.394447815,0.451356346,0.592892968
FB,44.99013,589.6855,0.44310249,0.577117401,0.470337655,0.746825205,0.897185146,0.25922568,0.334245472,0.406528848,140.3645017,180.9859236,220.1256418,541.4760672,0.38774242,0.44310249,0.592684006
FB,44.99013,660.23,0.440897476,0.555870193,0.448867464,0.756478416,0.919050446,0.248598517,0.343665225,0.407736258,150.7136559,208.3481555,247.1914267,606.2532381,0.388589867,0.440897476,0.593315622
FB,44.99013,730.7745,0.435952903,0.544531605,0.440451465,0.773961894,0.959344969,0.240656176,0.355056615,0.404287209,161.4876122,238.2537856,271.2890112,671.030409,0.384319565,0.435952903,0.593190943
FB,44.99013,871.8635,0.432951845,0.513362773,0.410749852,0.779145083,0.975022846,0.22507832,0.363367316,0.411554364,180.1942707,290.9063321,329.484148,800.5847508,0.38888772,0.432951845,0.591680298
FB,44.99013,95.874,0.534654624,0.818695814,0.706830938,0.260902777,0.19350726,0.440021809,0.086554827,0.473423364,38.73770311,7.619929563,41.67823809,88.03587076,0.469202491,0.534654624,0.575780127
FB,44.99013,166.4185,0.520200262,0.789563671,0.674950349,0.321717647,0.245127307,0.413225385,0.110540603,0.476234012,63.14622798,16.89204577,72.77476792,152.8130417,0.472510205,0.520200262,0.571480253
FB,44.99013,236.963,0.500743995,0.740157298,0.62101942,0.407785184,0.332697086,0.37322572,0.148240064,0.478534216,81.21026376,32.25558704,104.1243618,217.5902126,0.469931215,0.500743995,0.567707331
FB,44.99013,307.5075,0.481866941,0.695312183,0.57912396,0.496755844,0.434644941,0.338892494,0.189901889,0.471205617,95.69218682,53.62209952,133.0530972,282.3673835,0.460172532,0.481866941,0.565981396
FB,44.99013,378.052,0.470645245,0.655553406,0.538694087,0.554351058,0.511767478,0.312042097,0.220644612,0.467313291,108.3237147,76.59557552,162.2252642,347.1445544,0.454093398,0.470645245,0.566941959
FB,44.99013,448.5965,0.46076772,0.621424838,0.508086288,0.591851216,0.565580171,0.28976188,0.241961525,0.468276595,119.3592135,99.66920884,192.8933029,411.9217253,0.451743258,0.46076772,0.565070975
FB,44.99013,519.141,0.452810042,0.598444973,0.488016039,0.627553321,0.622233466,0.274847213,0.262394205,0.462758582,131.0193631,125.0830279,220.5965053,476.6988963,0.444428551,0.452810042,0.565420794
FB,44.99013,589.6855,0.446605005,0.583559835,0.4748498,0.653369798,0.66104959,0.263950355,0.276559658,0.459489987,142.9228002,149.750436,248.8028311,541.4760672,0.440825772,0.446605005,0.564887628
FB,44.99013,660.23,0.441892112,0.565766968,0.458690344,0.669104001,0.690072061,0.253279186,0.287018491,0.459702323,153.5513267,174.0058896,278.6960219,606.2532381,0.439412826,0.441892112,0.563812175
FB,44.99013,730.7745,0.439316746,0.556099651,0.45086741,0.68677103,0.720792334,0.247361568,0.297484469,0.455153962,165.9871341,199.6211249,305.4221493,671.0304083,0.434656401,0.439316746,0.565731254
FB,44.99013,871.8635,0.4362081,0.526388165,0.423363942,0.696943756,0.738830695,0.232557655,0.307140098,0.460302247,186.1821123,245.8916788,368.5109597,800.5847508,0.438301013,0.4362081,0.564883258
GS,34.09004,95.874,0.518107649,0.896726374,0.823159186,0.297595811,0.211781753,0.465878873,0.091337851,0.442783275,41.49514685,8.135328214,39.43805586,89.06853092,0.44145311,0.518107649,0.564156349
GS,34.09004,166.4185,0.488315406,0.86293611,0.780259555,0.46366429,0.367130932,0.422560094,0.152421997,0.425017909,65.33013057,23.56528481,65.71012238,154.6055378,0.421998238,0.488315406,0.563921655
GS,34.09004,236.963,0.452909707,0.812018169,0.722016669,0.635499868,0.579179561,0.369261786,0.227317827,0.403420387,81.29022917,50.04232485,88.80999051,220.1425445,0.398897638,0.452909707,0.563500331
GS,34.09004,307.5075,0.422512039,0.734532297,0.638683773,0.763171196,0.783952854,0.312882586,0.296287934,0.390829481,89.38415677,84.64340404,111.6519908,285.6795516,0.384352525,0.422512039,0.562096379
GS,34.09004,378.052,0.402457976,0.669759291,0.574577425,0.842593769,0.942273836,0.272479957,0.34605362,0.381466423,95.69947263,121.5397613,133.9773241,351.216558,0.373448897,0.402457976,0.56190655
GS,34.09004,448.5965,0.387038905,0.618877607,0.527246052,0.901790941,1.07875185,0.242635467,0.385807793,0.371556739,101.1191958,160.7867731,154.8475955,416.7535644,0.363107519,0.387038905,0.562359029
GS,34.09004,519.141,0.378932372,0.572213858,0.48162325,0.930813179,1.159624471,0.220255441,0.410436297,0.369308262,106.2271225,197.9495563,178.1138928,482.2905716,0.360034887,0.378932372,0.562732312
GS,34.09004,589.6855,0.371675423,0.542849451,0.455510666,0.956875907,1.232626601,0.205140707,0.429945726,0.364913567,112.3817367,235.5361259,199.9097157,547.8275783,0.354973739,0.371675423,0.562840489
GS,34.09004,660.23,0.368532581,0.515274114,0.428774985,0.964719378,1.262946101,0.193130622,0.440211708,0.36665767,118.4594838,270.0102716,224.8948296,613.3645851,0.355524213,0.368532581,0.56242208
GS,34.09004,730.7745,0.364499538,0.487882729,0.403967969,0.977349636,1.302804605,0.180654783,0.452387556,0.36695766,122.6468198,307.1266319,249.1281395,678.9015912,0.354475118,0.364499538,0.562201801
GS,34.09004,871.8635,0.362118085,0.452709736,0.370603917,0.986378002,1.336617407,0.166455617,0.464643341,0.368901042,134.8249891,376.3497714,298.8008448,809.9756054,0.355446025,0.362118085,0.562855253
GS,34.09004,95.874,0.411311089,0.704308064,0.616999898,0.452137761,0.293306145,0.293858532,0.152037393,0.554104075,26.17354777,13.54174725,49.35323599,89.06853101,0.539186689,0.411311089,0.471116634
GS,34.09004,166.4185,0.393318478,0.665131566,0.5795778,0.548285137,0.374648618,0.265044932,0.189967252,0.544987816,40.97741424,29.36998915,84.25813437,154.6055378,0.527881155,0.393318478,0.46685008
GS,34.09004,236.963,0.384240158,0.654085081,0.570365999,0.61801231,0.445029303,0.254459118,0.217223229,0.528317653,56.01727771,47.82007436,116.3051925,220.1425445,0.509234303,0.384240158,0.469206475
GS,34.09004,307.5075,0.377431088,0.628416333,0.545534908,0.655206269,0.485935359,0.240413321,0.235154586,0.524432093,68.68116967,67.17885661,149.819525,285.6795513,0.504496326,0.377431088,0.468553031
GS,34.09004,378.052,0.371480762,0.615761963,0.534186368,0.687721318,0.525403076,0.23176917,0.249516209,0.518714622,81.40117015,87.6342241,182.1811641,351.2165584,0.497322497,0.371480762,0.468152605
GS,34.09004,448.5965,0.364604193,0.605183958,0.524619821,0.719485447,0.557753836,0.223156741,0.262104338,0.514738922,93.00136732,109.2329172,214.5192807,416.7535652,0.492610907,0.364604193,0.465800387
GS,34.09004,519.141,0.363481261,0.591257393,0.511797046,0.73033196,0.574956277,0.217138013,0.268743176,0.514118811,104.7236164,129.6123,247.9546552,482.2905716,0.490489004,0.363481261,0.467042565
GS,34.09004,589.6855,0.362892149,0.582555382,0.502626908,0.736634282,0.585836283,0.21364026,0.273216163,0.513143577,117.0380263,149.6753489,281.1142031,547.8275783,0.490133426,0.362892149,0.467741968
GS,34.09004,660.23,0.361524924,0.568540415,0.488351665,0.743372236,0.594179617,0.207669737,0.277274381,0.515055882,127.3772621,170.0702857,315.9170374,613.3645851,0.491247554,0.361524924,0.467456349
GS,34.09004,730.7745,0.3622754,0.562386249,0.482848774,0.735928572,0.587720577,0.205606274,0.275878262,0.518515464,139.5864267,187.2941912,352.0209739,678.9015918,0.493820323,0.3622754,0.46733982
GS,34.09004,871.8635,0.362803067,0.544233355,0.464655959,0.732749978,0.581462781,0.198475653,0.277085357,0.52443899,160.7604372,224.4323798,424.7827884,809.9756054,0.49981953,0.362803067,0.467013938
GS,34.09004,95.874,0.378968566,0.738236609,0.661337177,0.504290704,0.302912689,0.281811228,0.159154803,0.559033969,25.1005121,14.17568451,49.7923344,89.06853101,0.561010974,0.378968566,0.439323841
GS,34.09004,166.4185,0.363044778,0.698274173,0.621949252,0.597882808,0.374406246,0.256067534,0.192806277,0.551126189,39.5894588,29.80891814,85.20716083,154.6055378,0.549425038,0.363044778,0.434890581
GS,34.09004,236.963,0.35473647,0.659680436,0.582324542,0.662283478,0.430996644,0.236649469,0.218957617,0.544392914,52.09661627,48.20188695,119.8440413,220.1425445,0.541345496,0.35473647,0.435087126
GS,34.09004,307.5075,0.348290566,0.620485232,0.54376658,0.703334415,0.465321242,0.219508683,0.236754178,0.54373714,62.70914206,67.63582734,155.3345822,285.6795516,0.539591677,0.348290566,0.433654645
GS,34.09004,378.052,0.344307223,0.604973322,0.528902229,0.733180123,0.495205627,0.211241965,0.249289943,0.539468092,74.19167586,87.55475574,189.4701264,351.216558,0.533472702,0.344307223,0.434045436
GS,34.09004,448.5965,0.343553713,0.569768011,0.493499076,0.737725249,0.499062838,0.199798814,0.254291411,0.545909775,83.26686798,105.976852,227.5098448,416.7535648,0.539771028,0.343553713,0.433803993
GS,34.09004,519.141,0.342629387,0.567476915,0.492159156,0.749762752,0.513742134,0.197587031,0.259402656,0.543010313,95.29436211,125.1074552,261.8887542,482.2905716,0.535024191,0.342629387,0.4349367
GS,34.09004,589.6855,0.341140795,0.551171783,0.476068395,0.759736348,0.522466814,0.191643976,0.264188571,0.544167453,104.9878553,144.7297851,298.109938,547.8275783,0.536159528,0.341140795,0.434428972
GS,34.09004,660.23,0.342511688,0.530637696,0.455105469,0.757884614,0.526817959,0.184814114,0.266863322,0.548322564,113.3584323,163.6845108,336.321642,613.3645851,0.538530842,0.342511688,0.436426327
GS,34.09004,730.7745,0.341572701,0.513733209,0.437470997,0.759581138,0.527618526,0.178965518,0.268680663,0.552353819,121.4999751,182.4077298,374.993887,678.9015918,0.542675996,0.341572701,0.435348401
GS,34.09004,871.8635,0.342057227,0.500299822,0.425941827,0.763233124,0.536513249,0.173513235,0.273573555,0.55291321,140.5414876,221.5879058,447.846212,809.9756054,0.541599088,0.342057227,0.43713141
GS,34.09004,95.874,0.415079719,0.763365201,0.68132448,0.429063684,0.270535159,0.318874734,0.138889051,0.542236215,28.40170413,12.37064375,48.29618313,89.06853101,0.539512906,0.415079719,0.470638228
GS,34.09004,166.4185,0.398165309,0.723311372,0.639189107,0.519047482,0.339781109,0.290882257,0.171667876,0.537449866,44.97200777,26.54080429,83.09272556,154.6055376,0.532197553,0.398165309,0.465395574
GS,34.09004,236.963,0.389338296,0.694425544,0.609145737,0.574709761,0.390413855,0.273107982,0.194564123,0.532327896,60.12268609,42.83184111,117.1880175,220.1425447,0.524226832,0.389338296,0.464888032
GS,34.09004,307.5075,0.382382027,0.653310151,0.568012028,0.613492056,0.426741976,0.253545892,0.212554903,0.533899204,72.43287666,60.72258931,152.524085,285.679551,0.523901379,0.382382027,0.463651195
GS,34.09004,378.052,0.37540559,0.643944399,0.560995236,0.662377505,0.477578921,0.245159957,0.232585127,0.522254916,86.10423627,81.68774776,183.424574,351.216558,0.511757966,0.37540559,0.464457766
GS,34.09004,448.5965,0.372218615,0.594478464,0.508690738,0.675777716,0.493989929,0.225022757,0.243394548,0.531582694,93.77903614,101.4355455,221.5389827,416.7535644,0.519295159,0.372218615,0.46365543
GS,34.09004,519.141,0.369825335,0.589107195,0.506595788,0.685017404,0.503453825,0.221510349,0.247289535,0.531200116,106.8323528,119.2654112,256.1928076,482.2905716,0.517707287,0.369825335,0.462375315
GS,34.09004,589.6855,0.369142286,0.572511166,0.488868125,0.696979985,0.520460997,0.214809097,0.254752929,0.530437974,117.6783474,139.5606802,290.5885507,547.8275783,0.516697204,0.369142286,0.464319017
GS,34.09004,660.23,0.369498624,0.552374068,0.468473475,0.697446136,0.522268601,0.207766647,0.258047067,0.534186286,127.4367032,158.2769322,327.6509497,613.3645851,0.520384187,0.369498624,0.465069721
GS,34.09004,730.7745,0.367836602,0.54064959,0.457115506,0.702290559,0.525578501,0.201109925,0.260656497,0.538233578,136.5338482,176.9601107,365.4076329,678.9015918,0.522614782,0.367836602,0.463766231
GS,34.09004,871.8635,0.367901811,0.523347087,0.440223274,0.700714166,0.528120855,0.195815234,0.262453982,0.541730784,158.6055627,212.5813229,438.7887197,809.9756054,0.525692778,0.367901811,0.46398814
HH,27.471427,95.874,0.495783117,0.837184674,0.749114096,0.352673938,0.254086043,0.418584901,0.114340954,0.467074146,37.24982246,10.17518842,41.56487483,88.98988571,0.452967509,0.495783117,0.549846454
HH,27.471427,166.4185,0.476927894,0.824794263,0.738612801,0.470808242,0.367929891,0.396851607,0.157938125,0.445210268,61.30128071,24.39654814,68.77119591,154.4690248,0.431158948,0.476927894,0.551879055
HH,27.471427,236.963,0.454515461,0.790347131,0.701354983,0.581909047,0.500407646,0.362763137,0.205672113,0.43156475,79.78908592,45.23720362,94.92187437,219.9481639,0.41537545,0.454515461,0.551501893
HH,27.471427,307.5075,0.43069174,0.740815148,0.650045042,0.697177675,0.669825185,0.322521184,0.26261706,0.414861756,92.05635173,74.95807917,118.4128722,285.4273031,0.398108643,0.43069174,0.55286069
HH,27.471427,378.052,0.412821133,0.698946687,0.607694017,0.778009011,0.81371431,0.291596023,0.306905544,0.401498433,102.322923,107.6951325,140.8883867,350.9064422,0.383888513,0.412821133,0.554159751
HH,27.471427,448.5965,0.3981201,0.674014913,0.584961565,0.834585789,0.933040822,0.271409923,0.338822443,0.389767634,113.0111786,141.0807799,162.2936229,416.3855813,0.371347338,0.3981201,0.553602016
HH,27.471427,519.141,0.385253506,0.622513056,0.535309897,0.88618733,1.052034665,0.242637976,0.373737809,0.383624214,116.9186805,180.0910649,184.8549747,481.86472,0.363817955,0.385253506,0.554245723
HH,27.471427,589.6855,0.377323111,0.598138445,0.511949683,0.911385252,1.125279377,0.228313488,0.391597146,0.380089366,124.9659857,214.3382933,208.0395806,547.3438596,0.358291361,0.377323111,0.553599745
HH,27.471427,660.23,0.370979175,0.584245504,0.500587991,0.93756857,1.196295697,0.219919238,0.408215299,0.371865462,134.7715669,250.1637237,227.8877076,612.8229982,0.351109196,0.370979175,0.554670414
HH,27.471427,730.7745,0.366065893,0.554161197,0.4716915,0.952522869,1.248094863,0.205294809,0.422504752,0.372200439,139.2519078,286.5858766,252.4643535,678.3021379,0.349197752,0.366065893,0.554680538
HH,27.471427,95.874,0.43227927,0.825335486,0.749815772,0.472842831,0.330489463,0.357409261,0.153599589,0.48899115,31.80580926,13.66880986,43.51526651,88.98988562,0.484434282,0.43227927,0.500067833
HH,27.471427,166.4185,0.411352002,0.800703686,0.725169939,0.604808633,0.464422869,0.330000918,0.204326528,0.465672554,50.97491998,31.56211951,71.93198528,154.4690248,0.459056319,0.411352002,0.501299388
HH,27.471427,236.963,0.385663641,0.764040734,0.688685253,0.731132658,0.612560534,0.295510386,0.257234336,0.447255277,64.99696682,56.5782199,98.37297698,219.9481637,0.437896851,0.385663641,0.497474835
HH,27.471427,307.5075,0.363894397,0.705296882,0.628800578,0.839313241,0.772175331,0.257730312,0.31050147,0.431768218,73.56326787,88.62559718,123.238438,285.4273031,0.419170685,0.363894397,0.49649632
HH,27.471427,378.052,0.348377745,0.662512413,0.587041067,0.912838861,0.893717856,0.231947861,0.34801575,0.420036389,81.39199868,122.1209687,147.3934749,350.9064422,0.405886084,0.348377745,0.495164603
HH,27.471427,448.5965,0.337207142,0.625203687,0.552122899,0.965970569,0.9996085,0.212355181,0.377742239,0.409902579,88.42163549,157.2864218,170.6775237,416.3855809,0.39425301,0.337207142,0.495262185
HH,27.471427,519.141,0.327597933,0.581829559,0.510029715,1.009026379,1.096415193,0.19246528,0.404551858,0.402982862,92.74222835,194.939268,194.1832242,481.8647205,0.386015904,0.327597933,0.495252132
HH,27.471427,589.6855,0.323986209,0.568243945,0.497318037,1.025523474,1.14012957,0.186294437,0.41442855,0.399277013,101.9671162,226.8349221,218.5418214,547.3438596,0.381272976,0.323986209,0.495393175
HH,27.471427,660.23,0.32075313,0.545957974,0.476429592,1.039953916,1.188690939,0.1765797,0.425897868,0.397522432,108.2121013,261.0000086,243.6108889,612.8229988,0.376770404,0.32075313,0.49641322
HH,27.471427,730.7745,0.320266708,0.52226454,0.452576628,1.041341403,1.197142403,0.168601913,0.430470502,0.400927585,114.363038,291.9890618,271.9500381,678.3021379,0.378943149,0.320266708,0.496387436
HH,27.471427,95.874,0.55966114,0.898695474,0.81803197,0.321838808,0.255824562,0.504905362,0.099148878,0.39594576,44.93147041,8.823247313,35.2351679,88.98988562,0.394789042,0.55966114,0.612898638
HH,27.471427,166.4185,0.530905287,0.881927381,0.796650571,0.473300651,0.424551789,0.469962758,0.155617458,0.374419784,72.59468891,24.03807697,57.83625889,154.4690248,0.374787064,0.530905287,0.614463401
HH,27.471427,236.963,0.488253618,0.839848965,0.748811168,0.653671162,0.696365458,0.412069853,0.236928767,0.351001381,90.63400757,52.11204728,77.20210928,219.9481641,0.349434784,0.488253618,0.613797566
HH,27.471427,307.5075,0.449733332,0.778866819,0.684770532,0.789848614,0.984550063,0.353057964,0.314157852,0.332784184,100.7723825,89.66922843,94.98569214,285.4273031,0.32840527,0.449733332,0.612651342
HH,27.471427,378.052,0.423352905,0.711184544,0.615088317,0.875455893,1.226961976,0.30522313,0.374053235,0.320723636,107.1047626,131.2576899,112.54399,350.9064426,0.314088472,0.423352905,0.613205258
HH,27.471427,448.5965,0.401494521,0.660400248,0.568399852,0.938793483,1.450194762,0.26905685,0.422299465,0.308643685,112.0313929,175.8394082,128.5147802,416.3855813,0.299614752,0.401494521,0.613490155
HH,27.471427,519.141,0.387388987,0.615021153,0.525233762,0.975999322,1.610351859,0.242025982,0.455729697,0.302244321,116.6237822,219.6000631,145.6408753,481.8647205,0.291364634,0.387388987,0.613533921
HH,27.471427,589.6855,0.379215523,0.586438754,0.498406697,0.998545635,1.726004027,0.226728312,0.476835979,0.296435709,124.0983494,260.9932452,162.2522651,547.3438596,0.284969956,0.379215523,0.614861002
HH,27.471427,660.23,0.371069611,0.555381843,0.470748405,1.018085528,1.823326411,0.209997485,0.496386946,0.293615568,128.6912885,304.1973368,179.9343729,612.8229982,0.280593803,0.371069611,0.614362273
HH,27.471427,730.7745,0.367082706,0.529493577,0.445676355,1.027825115,1.894804429,0.197881541,0.509938864,0.292179595,134.2234723,345.8926217,198.1860439,678.3021379,0.277749349,0.367082706,0.615729864
HH,27.471427,95.874,0.548634702,0.898524263,0.820799429,0.310960602,0.242418125,0.494628875,0.096803501,0.408567624,44.01696701,8.614532482,36.35838613,88.98988562,0.404732256,0.548634702,0.599752369
HH,27.471427,166.4185,0.520859582,0.878058259,0.793414287,0.435669533,0.369393144,0.458528729,0.142528031,0.39894324,70.8284856,22.01616595,61.62437322,154.4690248,0.394291199,0.520859582,0.595776926
HH,27.471427,236.963,0.481629455,0.834282361,0.74254264,0.615218195,0.61862243,0.402984127,0.222074177,0.374941696,88.63561882,48.84480748,82.46773761,219.9481639,0.368355862,0.481629455,0.596525362
HH,27.471427,307.5075,0.444886918,0.777643329,0.683075349,0.757432077,0.88356484,0.347462565,0.297546303,0.354991132,99.17530284,84.9278388,101.3241614,285.4273031,0.345958426,0.444886918,0.595862195
HH,27.471427,378.052,0.421133535,0.713463344,0.617175927,0.840952124,1.085372364,0.302638433,0.352937656,0.344423911,106.1977758,123.8480972,120.8605692,350.9064422,0.333925203,0.421133535,0.595867933
HH,27.471427,448.5965,0.400549217,0.65384006,0.560095962,0.908302737,1.27973367,0.264454267,0.4015588,0.333986933,110.1149437,167.2032944,139.0673433,416.3855813,0.321955208,0.400549217,0.595826715
HH,27.471427,519.141,0.386584797,0.597968481,0.506049394,0.949409443,1.421473008,0.233685969,0.436618485,0.329695546,112.6050241,210.3910442,158.8686521,481.8647205,0.315748719,0.386584797,0.595280454
HH,27.471427,589.6855,0.378387713,0.581115511,0.492859381,0.973457257,1.515904453,0.222440566,0.454508859,0.323050576,121.7514779,248.7726331,176.8197491,547.3438602,0.308342476,0.378387713,0.595611537
HH,27.471427,660.23,0.372619371,0.54436645,0.458288632,0.989170816,1.579838927,0.205793997,0.471327425,0.322878578,126.1152944,288.840286,197.8674184,612.8229988,0.307115067,0.372619371,0.595163029
HH,27.471427,730.7745,0.369477219,0.518105142,0.433011388,0.999346645,1.620996385,0.19391062,0.483085983,0.323003397,131.5299881,327.6782551,219.0938947,678.3021379,0.306743272,0.369477219,0.595656722
JP2,42.49572,95.874,0.525766276,0.780844021,0.666303332,0.323799671,0.25079655,0.415398293,0.112004037,0.47259767,37.19641157,10.02928594,42.31827077,89.54396827,0.455035318,0.525766276,0.577788101
JP2,42.49572,166.4185,0.505643182,0.737773178,0.622717502,0.411270288,0.339341308,0.377896934,0.150331678,0.471771388,58.73682421,23.36617355,73.32780605,155.4308038,0.450657389,0.505643182,0.57394465
JP2,42.49572,236.963,0.490425774,0.695670656,0.578201567,0.485440727,0.431445865,0.34516462,0.186639284,0.468196096,76.39101888,41.30656574,103.6200547,221.3176393,0.443383783,0.490425774,0.574308399
JP2,42.49572,307.5075,0.476324924,0.657829604,0.542351403,0.545635083,0.51005844,0.316773446,0.21773848,0.465488073,90.97875121,62.53546581,133.6902576,287.2044746,0.438770993,0.476324924,0.572802667
JP2,42.49572,378.052,0.470508219,0.618835587,0.501311005,0.571314815,0.548392834,0.29378951,0.235917075,0.470293416,103.7345231,83.30026916,166.0565185,353.0913108,0.442363197,0.470508219,0.572763477
JP2,42.49572,448.5965,0.464016368,0.581361254,0.466894386,0.597976694,0.597153297,0.272258648,0.25518593,0.472555422,114.0704236,106.9173278,197.9903946,418.9781459,0.442046664,0.464016368,0.573162218
JP2,42.49572,519.141,0.464669512,0.570925223,0.454949686,0.593834059,0.593593781,0.267363095,0.255041465,0.47759544,129.6350021,123.6606752,231.5693042,484.8649815,0.446429564,0.464669512,0.573016939
JP2,42.49572,589.6855,0.460586871,0.569743516,0.455351892,0.61117047,0.623770654,0.264629327,0.263853022,0.471517651,145.7450827,145.3175313,259.689203,550.751817,0.439973694,0.460586871,0.573198816
JP2,42.49572,660.23,0.46306233,0.544039932,0.429126131,0.599404742,0.606457959,0.253547255,0.262829966,0.483622779,156.3470377,162.0711161,298.2204988,616.6386525,0.451233784,0.46306233,0.573057297
JP2,42.49572,730.7745,0.461167363,0.547445038,0.433602737,0.605771654,0.620501333,0.253989983,0.265709284,0.480300733,173.3546371,181.3533587,327.8174922,682.5254881,0.446735265,0.461167363,0.572956586
JP2,42.49572,871.8635,0.462088367,0.494453245,0.38288979,0.601297156,0.614040908,0.229597375,0.271105986,0.49929664,186.9609494,220.7613764,406.5768341,814.29916,0.463702638,0.462088367,0.572633693
JP2,42.49572,95.874,0.545446355,0.809934754,0.696490137,0.330984378,0.269130063,0.445953933,0.113526955,0.440519112,39.93248483,10.16565406,39.44582939,89.54396827,0.421783967,0.545446355,0.600557842
JP2,42.49572,166.4185,0.525095191,0.788399566,0.676929421,0.429909939,0.376459252,0.419381967,0.152899666,0.427718367,65.18487623,23.76531799,66.48060959,155.4308038,0.40881383,0.525095191,0.599451683
JP2,42.49572,236.963,0.511534337,0.746010165,0.628033152,0.500766871,0.467382975,0.385811956,0.188228267,0.425959777,85.38699133,41.65823571,94.2724123,221.3176393,0.405199365,0.511534337,0.601269889
JP2,42.49572,307.5075,0.498546731,0.698869163,0.577208983,0.563033036,0.561815021,0.353238559,0.222777946,0.423983495,101.4516948,63.98282299,121.769957,287.2044749,0.401824868,0.498546731,0.602829648
JP2,42.49572,378.052,0.490125224,0.665784531,0.544231245,0.598562875,0.628222677,0.330019414,0.24571615,0.424264436,116.5269873,86.76023739,149.8040857,353.0913104,0.399038281,0.490125224,0.603885071
JP2,42.49572,448.5965,0.478633222,0.630387321,0.510610715,0.643272966,0.707693605,0.304730405,0.273624039,0.421645555,127.6753801,114.6424925,176.6602729,418.9781455,0.395037692,0.478633222,0.603528295
JP2,42.49572,519.141,0.474996534,0.607938111,0.488140248,0.657413505,0.74304642,0.292163374,0.285690515,0.422146111,141.6597889,138.5213263,204.6838663,484.8649815,0.394850692,0.474996534,0.604302374
JP2,42.49572,589.6855,0.468709955,0.608891701,0.492156621,0.67876026,0.789492384,0.288033604,0.296518705,0.415447691,158.6350308,163.3082156,228.8085707,550.751817,0.386809985,0.468709955,0.604016614
JP2,42.49572,660.23,0.467483491,0.573817982,0.45634394,0.677283867,0.798485284,0.270835109,0.303364894,0.425799997,167.0073967,187.0665195,262.5647364,616.6386525,0.394325004,0.467483491,0.603226921
JP2,42.49572,730.7745,0.464649999,0.569282423,0.453329582,0.689758806,0.82057441,0.266242781,0.310434697,0.423322522,181.717484,211.8795931,288.9284109,682.5254881,0.391888571,0.464649999,0.603344289
JP2,42.49572,871.8635,0.465380259,0.513310206,0.398284418,0.683260487,0.817518653,0.240880644,0.31884673,0.440272627,196.1489059,259.6366241,358.51363,814.29916,0.40640269,0.465380259,0.603054263
JP2,42.49572,95.874,0.586240777,0.872760854,0.766032032,0.260912906,0.210618937,0.514052068,0.08259242,0.403355512,46.03026207,7.395653036,36.11805317,89.54396827,0.400467375,0.586240777,0.629578276
JP2,42.49572,166.4185,0.566076066,0.829947928,0.712921052,0.354744591,0.305757559,0.473653792,0.120005749,0.406340459,73.62038962,18.65259003,63.15782416,155.4308038,0.40009215,0.566076066,0.627279215
JP2,42.49572,236.963,0.544804376,0.777341717,0.648500167,0.452532267,0.426905628,0.427495896,0.165184825,0.407319279,94.61238253,36.55831552,90.14694129,221.3176393,0.397111062,0.544804376,0.626789938
JP2,42.49572,307.5075,0.52817205,0.724140628,0.590072852,0.527354432,0.542228788,0.386730823,0.206224981,0.407044196,111.0708229,59.22873737,116.9049146,287.2044749,0.393033765,0.52817205,0.628233591
JP2,42.49572,378.052,0.51696107,0.66454417,0.528310695,0.573390216,0.626758448,0.347117496,0.238656393,0.414226111,122.5641715,84.26749854,146.2596403,353.0913104,0.39531557,0.51696107,0.629217078
JP2,42.49572,448.5965,0.50403762,0.611709826,0.476594538,0.621464141,0.727424971,0.311475894,0.273236842,0.415287264,130.5015926,114.4802655,173.9962879,418.9781459,0.392487273,0.50403762,0.629881237
JP2,42.49572,519.141,0.497747226,0.577133323,0.445141121,0.643587977,0.783877004,0.290665026,0.292385448,0.416949526,140.9332924,141.7674648,202.1642242,484.8649815,0.39195622,0.497747226,0.630444785
JP2,42.49572,589.6855,0.492142684,0.54879494,0.418570857,0.658613566,0.820982792,0.272959385,0.305941251,0.421099363,150.3328773,168.4976999,231.9212393,550.7518165,0.393685919,0.492142684,0.629339803
JP2,42.49572,660.23,0.490272682,0.533564183,0.405350363,0.668704021,0.851840924,0.264021506,0.315510007,0.420468487,162.8058657,194.5556656,259.2771213,616.6386525,0.391624781,0.490272682,0.631094307
JP2,42.49572,730.7745,0.486025105,0.509717574,0.384883777,0.681400526,0.887277556,0.250064447,0.32799062,0.421944933,170.6753587,223.861958,287.9881713,682.5254881,0.39150358,0.486025105,0.630888949
JP2,42.49572,871.8635,0.485374435,0.461478313,0.340862514,0.680822232,0.897111883,0.226080115,0.338468063,0.435451822,184.0968475,275.6142591,354.5880525,814.2991591,0.401938258,0.485374435,0.63081975
JP2,42.49572,95.874,0.5886505,0.896370542,0.804939791,0.277815345,0.230113459,0.53005115,0.086091433,0.383857417,47.46288336,7.708968545,34.37211637,89.54396827,0.381265747,0.5886505,0.635507375
JP2,42.49572,166.4185,0.565086721,0.864036571,0.761905147,0.388629183,0.349884169,0.49095507,0.128513037,0.380531893,76.30954116,19.97488464,59.146378,155.4308038,0.376157646,0.565086721,0.63392788
JP2,42.49572,236.963,0.534884547,0.798990846,0.679368449,0.526973205,0.540396655,0.430538444,0.193705201,0.375756354,95.28575207,42.87037781,83.16150923,221.3176391,0.36887245,0.534884547,0.635103405
JP2,42.49572,307.5075,0.510734233,0.735635616,0.609364474,0.624193696,0.717505669,0.379289481,0.249827732,0.370882788,108.9336362,71.75164258,106.5191964,287.2044752,0.360462986,0.510734233,0.636443047
JP2,42.49572,378.052,0.493726574,0.662817715,0.531511544,0.685539451,0.857654394,0.330388159,0.295389113,0.374222727,116.657188,104.299329,132.1347931,353.0913101,0.35941091,0.493726574,0.637564348
JP2,42.49572,448.5965,0.475499429,0.611580477,0.486171339,0.744649093,1.02124322,0.293668799,0.33879869,0.367532511,123.0408089,141.949247,153.98809,418.9781459,0.348451796,0.475499429,0.638461318
JP2,42.49572,519.141,0.4653275,0.556118691,0.433836094,0.775444968,1.126224612,0.261264582,0.36967353,0.369061888,126.6780467,179.2417493,178.9451855,484.8649815,0.346449332,0.4653275,0.639277395
JP2,42.49572,589.6855,0.458571821,0.529302531,0.411005873,0.793918623,1.201302231,0.24518545,0.387151526,0.367663024,135.0363321,213.2244064,202.4910785,550.751817,0.342062596,0.458571821,0.63976295
JP2,42.49572,660.23,0.454536789,0.497831423,0.383100151,0.803111517,1.242649044,0.227848149,0.401017911,0.37113394,140.4999756,247.2831443,228.8555327,616.6386525,0.343061277,0.454536789,0.63951631
JP2,42.49572,730.7745,0.44906732,0.493050654,0.381328379,0.819806303,1.307846713,0.223217473,0.411772992,0.365009536,152.3516147,281.0455623,249.1283117,682.5254888,0.335832382,0.44906732,0.640183302
JP2,42.49572,871.8635,0.446586198,0.414661562,0.309823504,0.824136086,1.349321258,0.186747281,0.434212345,0.379040374,152.0681539,353.5787474,308.6522578,814.2991591,0.345372321,0.446586198,0.640647908
OS,30.74021,95.874,0.527078532,0.898167066,0.826541134,0.195520141,0.131428651,0.475015907,0.059157271,0.465826821,42.66368113,5.313226166,41.8383609,89.8152682,0.468406592,0.527078532,0.55621594
OS,30.74021,166.4185,0.501761948,0.85366347,0.761713126,0.339553149,0.245307874,0.430044249,0.108837554,0.461118197,67.04464134,16.96796269,71.88912351,155.9017275,0.459451497,0.501761948,0.554310632
OS,30.74021,236.963,0.462482427,0.781649494,0.677006475,0.551024304,0.463839449,0.363138904,0.195124217,0.441736879,80.61254685,43.31527113,98.0603688,221.9881868,0.437395669,0.462482427,0.553917776
OS,30.74021,307.5075,0.427638684,0.701984436,0.59501204,0.710937481,0.686469285,0.302692884,0.274579135,0.422727981,87.19814541,79.09928712,121.7772135,288.074646,0.416284038,0.427638684,0.55233626
OS,30.74021,378.052,0.401027204,0.637240346,0.536186798,0.819570236,0.886709826,0.258485888,0.335903498,0.405610614,91.54564779,118.9639541,143.6515034,354.1611053,0.39528336,0.401027204,0.551273094
OS,30.74021,448.5965,0.384827208,0.574081183,0.47733563,0.88453891,1.032721824,0.225121184,0.379414232,0.395464585,94.6066293,159.4479069,166.1930287,420.2475649,0.383939509,0.384827208,0.551639527
OS,30.74021,519.141,0.372855888,0.537635144,0.445819096,0.93037916,1.150752485,0.203924056,0.409911986,0.386163958,99.1752067,199.3541455,187.8046715,486.3340238,0.372443361,0.372855888,0.551971751
OS,30.74021,589.6855,0.364315375,0.500664598,0.413058724,0.962041981,1.2362367,0.18640628,0.432760256,0.380833464,102.9746472,239.0656296,210.3802061,552.420483,0.366347924,0.364315375,0.551678576
OS,30.74021,660.23,0.358829854,0.485782832,0.401196697,0.981380076,1.299959343,0.178137888,0.446169005,0.375693107,110.1795204,275.958627,232.3687948,618.5069423,0.359831657,0.358829854,0.551927493
OS,30.74021,730.7745,0.354776409,0.455014396,0.373668051,0.995590099,1.351303354,0.166236967,0.459643593,0.37411944,113.8047307,314.6689708,256.1197,684.5934015,0.35747401,0.354776409,0.552281881
OS,30.74021,871.8635,0.349078718,0.432676432,0.3549335,1.014507096,1.411753862,0.155250136,0.473099508,0.371650356,126.8030823,386.4117441,303.5514936,816.76632,0.352823075,0.349078718,0.551490457
OS,30.74021,1012.9525,0.347506087,0.420592531,0.344401602,1.016685516,1.436525739,0.150826795,0.477350583,0.371822622,143.125464,452.9766987,352.8370758,948.9392385,0.351302202,0.347506087,0.551194016
OS,30.74021,1154.0415,0.347038369,0.410325595,0.335273817,1.019167513,1.465302063,0.146270149,0.482292193,0.371437658,158.1344363,521.4119531,401.5657676,1081.112157,0.34868671,0.347038369,0.552869064
OS,30.74021,1295.1305,0.346519709,0.386696219,0.312934508,1.019433096,1.47078612,0.138019466,0.486751395,0.37522914,167.4569582,590.568203,455.2599154,1213.285077,0.351515356,0.346519709,0.552554778
OS,30.74021,95.874,0.475416255,0.88482948,0.819242212,0.190727384,0.114060018,0.421335082,0.057037436,0.521627483,37.84232343,5.122832617,46.85011233,89.81526838,0.528154283,0.475416255,0.5010964
OS,30.74021,166.4185,0.465271078,0.840635778,0.755477967,0.276533227,0.171381052,0.392744538,0.085642986,0.521612475,61.22955195,13.35188947,81.32028596,155.9017274,0.521052632,0.465271078,0.503224114
OS,30.74021,236.963,0.441986207,0.764007153,0.661473277,0.422040178,0.285715733,0.340430646,0.140820589,0.518748766,75.57158183,31.26050721,115.156098,221.988187,0.515756983,0.441986207,0.501998083
OS,30.74021,307.5075,0.418995734,0.678919229,0.570964089,0.556210703,0.416595231,0.288415849,0.200337697,0.511246454,83.08529361,57.71221115,147.2771413,288.074646,0.505098778,0.418995734,0.501461508
OS,30.74021,378.052,0.401527327,0.612319306,0.50594844,0.654971775,0.532299095,0.250027474,0.248834247,0.501138279,88.55000654,88.12741195,177.4836868,354.1611053,0.492212135,0.401527327,0.501817361
OS,30.74021,448.5965,0.387807771,0.553660378,0.451804223,0.723987266,0.625651559,0.219266354,0.286172493,0.494561154,92.14615125,120.2632932,207.8381205,420.2475649,0.482770524,0.387807771,0.501279327
OS,30.74021,519.141,0.377988706,0.509246624,0.41268432,0.776438816,0.707650728,0.197555699,0.315961025,0.486483276,96.07805801,153.6625966,236.5933691,486.3340238,0.47256409,0.377988706,0.50220099
OS,30.74021,589.6855,0.370444215,0.469055966,0.378445285,0.815171855,0.774325101,0.179453138,0.33990244,0.480644423,99.13358917,187.7690701,265.5178243,552.4204836,0.465182903,0.370444215,0.502940397
OS,30.74021,660.23,0.364419289,0.455163477,0.367955833,0.845335647,0.827945474,0.17117599,0.356128781,0.472695229,105.8735382,220.2681234,292.3652807,618.5069423,0.455980942,0.364419289,0.503224676
OS,30.74021,730.7745,0.359275898,0.415017786,0.332230368,0.867253328,0.872026461,0.154740829,0.372788985,0.472470186,105.9345505,255.2088793,323.4499717,684.5934015,0.454156207,0.359275898,0.50301379
OS,30.74021,871.8635,0.354179254,0.396172945,0.316435458,0.894113237,0.932764079,0.145856016,0.389056064,0.46508792,119.1302814,317.7678897,379.8681489,816.76632,0.444820435,0.354179254,0.504417244
OS,30.74021,1012.9525,0.35163773,0.379778542,0.303757896,0.907994244,0.970492816,0.139337504,0.39927703,0.461385466,132.2228249,378.8896408,437.8267728,948.9392385,0.439775883,0.35163773,0.505731112
OS,30.74021,1154.0415,0.349542018,0.372638383,0.297936356,0.913115902,0.986191852,0.13576832,0.402805997,0.461425683,146.7807813,435.4784603,498.8529154,1081.112157,0.438172778,0.349542018,0.504648341
OS,30.74021,1295.1305,0.348886327,0.361838024,0.288891997,0.91558452,1.00790442,0.132273732,0.407087231,0.460639037,160.4857449,493.9128618,558.8864688,1213.285075,0.43542076,0.348886327,0.505777829
OS,30.74021,95.874,0.458707157,0.873472756,0.806121634,0.255692209,0.154533423,0.402093389,0.076036894,0.521869717,36.11412561,6.829274034,46.87186864,89.81526829,0.530345711,0.458707157,0.492620368
OS,30.74021,166.4185,0.430790123,0.792516987,0.704552841,0.432354586,0.288070282,0.344853713,0.139199471,0.515946815,53.7632896,21.701438,80.43699977,155.9017274,0.517447166,0.430790123,0.490399854
OS,30.74021,236.963,0.395781829,0.69783906,0.603873088,0.638820259,0.497810911,0.280827633,0.224801876,0.494370491,62.34041705,49.90336084,109.7444089,221.9881868,0.488566753,0.395781829,0.489492299
OS,30.74021,307.5075,0.370046648,0.607879921,0.516475003,0.778291364,0.683298628,0.230643011,0.292727072,0.476629917,66.44240375,84.32724765,137.3049946,288.074646,0.464892007,0.370046648,0.489026286
OS,30.74021,378.052,0.356178641,0.538036398,0.451716386,0.849718724,0.812225574,0.197915134,0.335047918,0.467036948,70.09384261,118.660941,165.4063217,354.1611053,0.449903972,0.356178641,0.490351056
OS,30.74021,448.5965,0.34692071,0.491712392,0.409196965,0.898196086,0.909893459,0.176434121,0.364898759,0.45866712,74.14600965,153.3478148,192.7537401,420.2475645,0.437821156,0.34692071,0.491962131
OS,30.74021,519.141,0.340564868,0.468621961,0.390048946,0.929629058,0.983863892,0.165952865,0.383693855,0.45035328,80.70852459,186.6033764,219.0221228,486.3340238,0.427140476,0.340564868,0.493076226
OS,30.74021,589.6855,0.338842747,0.437982195,0.362083964,0.938568617,1.019645953,0.154454956,0.394599363,0.450945681,85.3240814,217.9847707,249.1116309,552.420483,0.425079495,0.338842747,0.494554578
OS,30.74021,660.23,0.334468557,0.432014971,0.357740975,0.951921606,1.051333354,0.150624816,0.400872042,0.448503142,93.16249437,247.9421409,277.402307,618.5069423,0.420339143,0.334468557,0.492806328
OS,30.74021,730.7745,0.332232012,0.414146922,0.340737516,0.967114426,1.089537584,0.143163573,0.411550847,0.445285581,98.00883741,281.7449942,304.8395705,684.5934022,0.416245891,0.332232012,0.494521564
OS,30.74021,871.8635,0.332128485,0.411446968,0.339722062,0.965186205,1.109064397,0.141908034,0.412476839,0.445615127,115.9057027,336.8971899,363.9634274,816.76632,0.413074751,0.332128485,0.495270431
OS,30.74021,1012.9525,0.330066129,0.394909384,0.324738025,0.967198915,1.123540757,0.136385406,0.41644534,0.447169255,129.4214633,395.1813238,424.3364523,948.9392394,0.413213665,0.330066129,0.493903707
OS,30.74021,1154.0415,0.332841539,0.397702866,0.326896587,0.958804625,1.12968717,0.137696564,0.414616577,0.447686859,148.8654293,448.2470219,483.9997058,1081.112157,0.411357761,0.332841539,0.496667725
OS,30.74021,1295.1305,0.332340747,0.389781644,0.318905665,0.961712064,1.131263216,0.135174636,0.415512797,0.449312566,164.0053684,504.1354753,545.1442306,1213.285074,0.412395549,0.332340747,0.495917355
OS,30.74021,95.874,0.493031158,0.880561606,0.804990872,0.208177711,0.135983745,0.434052017,0.063947093,0.50200089,38.98449836,5.743425314,45.08734462,89.81526829,0.521871175,0.493031158,0.522776789
OS,30.74021,166.4185,0.474817971,0.831724324,0.738718998,0.316986376,0.209514694,0.395481421,0.100745769,0.50377281,61.65623674,15.70643943,78.53905136,155.9017275,0.516744762,0.474817971,0.520123548
OS,30.74021,236.963,0.448823961,0.754773489,0.648849065,0.483102462,0.353846841,0.340714945,0.166205374,0.493079681,75.63469285,36.89562961,109.4578643,221.9881868,0.501503107,0.448823961,0.520787443
OS,30.74021,307.5075,0.426195638,0.674232503,0.565221259,0.614880243,0.497161404,0.290787569,0.227186528,0.482025903,83.76852601,65.44667864,138.8594414,288.074646,0.486529542,0.426195638,0.521526393
OS,30.74021,378.052,0.409785739,0.605334669,0.498989839,0.702136895,0.612837098,0.252701988,0.273614187,0.473683825,89.49721537,96.90350289,167.760387,354.1611053,0.474879825,0.409785739,0.521865357
OS,30.74021,448.5965,0.398451115,0.551679293,0.449601107,0.759377573,0.702289019,0.225052979,0.307252312,0.467694709,94.57796631,129.1220358,196.5475624,420.2475645,0.465504137,0.398451115,0.522495661
OS,30.74021,519.141,0.38912411,0.513474356,0.416187985,0.804289424,0.775445123,0.205737851,0.333005731,0.461256418,100.0573169,161.9520171,224.3246898,486.3340238,0.457083357,0.38912411,0.52242674
OS,30.74021,589.6855,0.382815567,0.469508197,0.376423694,0.83439016,0.837479844,0.185908753,0.355556677,0.45853457,102.6998031,196.4167912,253.3038886,552.420483,0.452006348,0.382815567,0.523611108
OS,30.74021,660.23,0.377404341,0.46016796,0.37057967,0.857146298,0.879222864,0.180158032,0.367317678,0.452524291,111.4289935,227.1885339,279.8894155,618.5069429,0.444933448,0.377404341,0.522956063
OS,30.74021,730.7745,0.374287609,0.442252016,0.354641345,0.872895731,0.918239211,0.171767833,0.378722068,0.449510099,117.5911251,259.2706288,307.7316477,684.5934015,0.440068951,0.374287609,0.524093495
OS,30.74021,871.8635,0.370449875,0.413917031,0.330777333,0.891424218,0.966351874,0.159836569,0.393299641,0.446863791,130.5491263,321.2339004,364.9832941,816.7663208,0.435348736,0.370449875,0.525203066
OS,30.74021,1012.9525,0.367715723,0.400496012,0.318872325,0.906852577,0.994788885,0.153538764,0.402310115,0.444151121,145.6989578,381.7678542,421.4724265,948.9392385,0.432368559,0.367715723,0.52552759
OS,30.74021,1154.0415,0.36580081,0.39382216,0.312839101,0.906203946,1.002954358,0.149709745,0.403415337,0.446874917,161.8530253,436.1372251,483.1219054,1081.112156,0.43219036,0.36580081,0.523706168
OS,30.74021,1295.1305,0.365667113,0.384121223,0.304928157,0.909768834,1.015329001,0.146072543,0.406982758,0.446944699,177.2276364,493.7861063,542.2713329,1213.285075,0.431312779,0.365667113,0.524712861
SCH_11,54.7298,95.874,0.40776404,0.845650825,0.783824172,0.216971069,0.110446872,0.347708035,0.061680128,0.590611837,30.51909589,5.413799946,51.83929468,87.77219052,0.604389442,0.40776404,0.431813811
SCH_11,54.7298,166.4185,0.398205589,0.817464535,0.748105435,0.294682855,0.154425555,0.329311588,0.084737947,0.585950466,50.1723804,12.9102791,89.27268504,152.3553445,0.594038295,0.398205589,0.431264641
SCH_11,54.7298,236.963,0.384924073,0.742435127,0.660667694,0.423474842,0.238856967,0.291212347,0.128614409,0.580173244,63.17516923,27.90141674,125.8619123,216.9384983,0.583064419,0.384924073,0.434013566
SCH_11,54.7298,307.5075,0.372031969,0.677457073,0.590940806,0.525188198,0.320340067,0.258512177,0.168024388,0.573463435,72.77677517,47.30250331,161.4423737,281.5216521,0.570972019,0.372031969,0.435194442
SCH_11,54.7298,378.052,0.362428634,0.60250347,0.513320161,0.603609563,0.39429892,0.224988566,0.203682553,0.571328881,77.86962399,70.49551049,197.7396715,346.104806,0.563940848,0.362428634,0.437508768
SCH_11,54.7298,448.5965,0.354192145,0.561264643,0.475264758,0.664997008,0.457469947,0.20541323,0.231307539,0.563279231,84.36074036,94.99522129,231.3319982,410.6879599,0.552342237,0.354192145,0.438773629
SCH_11,54.7298,519.141,0.348915986,0.510313894,0.425871798,0.699760963,0.497982604,0.184478411,0.250662856,0.564858732,87.67725986,119.1328147,268.4610387,475.2711133,0.55107569,0.348915986,0.439239004
SCH_11,54.7298,589.6855,0.345840377,0.461828104,0.38033141,0.728178999,0.536890655,0.165122755,0.269287544,0.565589701,89.14222397,145.3760298,305.3360138,539.8542676,0.54844387,0.345840377,0.441725731
SCH_11,54.7298,660.23,0.343654016,0.44130317,0.361366182,0.743856136,0.560903794,0.156688926,0.279052755,0.564258319,94.70865041,168.6699277,341.0588434,604.4374215,0.545467138,0.343654016,0.442650438
SCH_11,54.7298,730.7745,0.34177343,0.420308966,0.343332462,0.760399765,0.583717777,0.148463215,0.288600779,0.562936006,99.32494552,193.0798592,376.6157706,669.0205754,0.542211039,0.34177343,0.443802403
SCH_11,54.7298,871.8635,0.339594273,0.386940743,0.31279723,0.771036443,0.606482047,0.136101292,0.298279166,0.565619542,108.634266,238.0825178,451.4700992,798.1868831,0.542462805,0.339594273,0.44420728
SCH_11,54.7298,1012.9525,0.337924006,0.377323277,0.305873155,0.779197461,0.619847765,0.131609041,0.30369226,0.564698699,122.0480641,281.6299863,523.6751404,927.3531908,0.53987701,0.337924006,0.4441314
SCH_11,54.7298,1295.1305,0.338052029,0.36068185,0.290184292,0.779079131,0.63333198,0.125506144,0.30780011,0.566693746,148.8108535,364.9542216,671.9207312,1185.685806,0.539132134,0.338052029,0.445684156
SCH_11,54.7298,95.874,0.449065085,0.777832472,0.68811841,0.293148091,0.181516509,0.35271779,0.094623005,0.552659205,30.95881306,8.305268422,48.50810903,87.77219052,0.548066261,0.449065085,0.488154529
SCH_11,54.7298,166.4185,0.433046603,0.746817156,0.654765124,0.362708057,0.232056543,0.327467703,0.11963277,0.552899527,49.89145467,18.22669187,84.23719785,152.3553444,0.545719218,0.433046603,0.481951372
SCH_11,54.7298,236.963,0.420520601,0.690216034,0.593808603,0.444433468,0.300874105,0.294245815,0.153455648,0.552298537,63.83324523,33.29043783,119.8148152,216.9384983,0.541286913,0.420520601,0.481926861
SCH_11,54.7298,307.5075,0.410814383,0.641755635,0.544600442,0.502113974,0.355948711,0.267956704,0.179949968,0.552093328,75.43561401,50.65981229,155.4262258,281.5216521,0.537926146,0.410814383,0.481679009
SCH_11,54.7298,378.052,0.406358837,0.60533221,0.508229796,0.527537314,0.385964223,0.249953995,0.193801685,0.55624432,86.51027895,67.07569459,192.5188325,346.104806,0.538727974,0.406358837,0.481895917
SCH_11,54.7298,448.5965,0.40002008,0.5896927,0.496147696,0.558555779,0.423010551,0.239508022,0.209069031,0.551422947,98.36306093,85.86213381,226.4627651,410.6879599,0.531078082,0.40002008,0.481277778
SCH_11,54.7298,519.141,0.400903443,0.566775158,0.472225973,0.558742893,0.427644945,0.230802688,0.212068283,0.557129029,109.6938506,100.7899291,264.7873341,475.2711137,0.535280278,0.400903443,0.482681844
SCH_11,54.7298,589.6855,0.398080927,0.516309767,0.423192168,0.573885495,0.448849239,0.209104917,0.224230869,0.566664214,112.8861818,121.0519916,305.9160942,539.8542676,0.542249562,0.398080927,0.482992586
SCH_11,54.7298,660.23,0.397966775,0.512637432,0.420010516,0.574603386,0.455553997,0.207203661,0.226250869,0.56654547,125.2416466,136.7544919,342.441283,604.4374215,0.540832669,0.397966775,0.483530404
SCH_11,54.7298,730.7745,0.397323333,0.495699271,0.402674904,0.585240923,0.47007368,0.199217762,0.232595753,0.568186485,133.2807818,155.6113445,380.1284491,669.0205754,0.540554686,0.397323333,0.484999864
SCH_11,54.7298,871.8635,0.398477042,0.464310876,0.374360639,0.583368756,0.472223029,0.187419417,0.237104657,0.575475926,149.5957203,189.2538271,459.3373357,798.1868831,0.547370242,0.398477042,0.486542169
SCH_11,54.7298,1012.9525,0.397843329,0.454894067,0.364099477,0.582444725,0.473146172,0.183522151,0.237552608,0.578925241,170.1898523,220.295169,536.8681695,927.3531908,0.550764339,0.397843329,0.485894384
SCH_11,54.7298,1295.1305,0.402758787,0.445571099,0.353904607,0.561781977,0.458450628,0.181277643,0.23063427,0.588088087,214.9383283,273.4597804,697.2876976,1185.685806,0.557204447,0.402758787,0.488132073
SCH_11,54.7298,95.874,0.544790671,0.875970764,0.78830921,0.291225014,0.22563224,0.479469033,0.092328088,0.428202879,42.08404731,8.10383853,37.58430468,87.77219052,0.420096802,0.544790671,0.59230887
SCH_11,54.7298,166.4185,0.523833143,0.852854141,0.762005038,0.381536776,0.307024535,0.449442178,0.125899905,0.424657917,68.47491781,19.18152339,64.69890319,152.3553444,0.417598321,0.523833143,0.587163022
SCH_11,54.7298,236.963,0.498648607,0.82169811,0.725663264,0.503392278,0.442583396,0.412037312,0.17581468,0.412148008,89.38675569,38.14097265,89.41076992,216.9384983,0.405161834,0.498648607,0.586071977
SCH_11,54.7298,307.5075,0.477244775,0.774710403,0.670898835,0.601650515,0.579268501,0.371708896,0.223925211,0.404365893,104.6441025,63.03979535,113.8377543,281.5216521,0.395198514,0.477244775,0.586327877
SCH_11,54.7298,378.052,0.457056414,0.720049423,0.61365669,0.679341712,0.704587278,0.331448117,0.267895363,0.40065652,114.7157862,92.71987264,138.6691471,346.104806,0.389229118,0.457056414,0.584199043
SCH_11,54.7298,448.5965,0.442211399,0.671958209,0.565415523,0.738115869,0.818218214,0.299930946,0.305170941,0.394898113,123.1780283,125.3300312,162.1799004,410.6879599,0.382102184,0.442211399,0.584523485
SCH_11,54.7298,519.141,0.43178663,0.623658063,0.517003694,0.780513348,0.907378922,0.272085745,0.335473285,0.392440971,129.3144951,159.4407618,186.5158574,475.2711142,0.379008317,0.43178663,0.585352145
SCH_11,54.7298,589.6855,0.422814808,0.577727856,0.474010676,0.811253608,0.982061555,0.246825753,0.360899905,0.392274343,133.2499361,194.8333539,211.7709781,539.8542682,0.377016259,0.422814808,0.585188028
SCH_11,54.7298,660.23,0.416817624,0.568290678,0.467422181,0.831860265,1.038988592,0.239641089,0.374291857,0.386067054,144.8480419,226.2360049,233.3533746,604.4374215,0.370207876,0.416817624,0.585488535
SCH_11,54.7298,730.7745,0.411912876,0.533297508,0.434359645,0.847958237,1.083248195,0.222106304,0.390021206,0.387872489,148.5936873,260.9322116,259.4946758,669.0205747,0.370507079,0.411912876,0.585369795
SCH_11,54.7298,871.8635,0.401642812,0.486077192,0.392127496,0.879416846,1.173465434,0.197542396,0.416868493,0.385589111,157.6757493,332.7389631,307.7721707,798.1868831,0.366486526,0.401642812,0.584564004
SCH_11,54.7298,1012.9525,0.398180709,0.487994655,0.395599058,0.8928307,1.217554882,0.196699525,0.423864262,0.379436213,182.4099321,393.0718758,351.8713828,927.3531908,0.359895458,0.398180709,0.585516426
SCH_11,54.7298,1295.1305,0.390413563,0.452653078,0.364998734,0.913890156,1.295280753,0.179048314,0.443119328,0.377832358,212.2950446,525.4002977,447.990464,1185.685806,0.355526334,0.390413563,0.584825433
SCH_11,54.7298,95.874,0.499727792,0.843052749,0.753398597,0.250846403,0.169046211,0.422868273,0.079930578,0.497201149,37.11607462,7.015681921,43.64043398,87.77219052,0.503106918,0.499727792,0.536368299
SCH_11,54.7298,166.4185,0.475570566,0.818980089,0.72759399,0.345617172,0.235920701,0.391470175,0.11205431,0.496475515,59.64257333,17.07207299,75.64069807,152.3553444,0.499691548,0.475570566,0.525616459
SCH_11,54.7298,236.963,0.449434951,0.75547539,0.65710152,0.490856331,0.362440504,0.343461053,0.168896936,0.487642011,74.50992505,36.64024766,105.7883256,216.9384983,0.487372664,0.449434951,0.522677626
SCH_11,54.7298,307.5075,0.434656892,0.679640428,0.576418113,0.5776821,0.460972438,0.299951832,0.212667464,0.487380704,84.4429353,59.87049582,137.208221,281.5216521,0.482622566,0.434656892,0.524217077
SCH_11,54.7298,378.052,0.424473912,0.630850714,0.527440897,0.634976712,0.537381382,0.27207598,0.244270897,0.483653123,94.16680428,84.54333142,167.3946703,346.104806,0.476089253,0.424473912,0.525725157
SCH_11,54.7298,448.5965,0.417391642,0.600688322,0.49967266,0.676321252,0.601689838,0.255664679,0.267675936,0.476659385,104.9984054,109.9312841,195.7582704,410.6879599,0.467447855,0.417391642,0.527837204
SCH_11,54.7298,519.141,0.412227024,0.563506461,0.463458034,0.702643976,0.644603342,0.237399834,0.285267291,0.477332875,112.8292835,135.5793031,226.8625271,475.2711137,0.465848438,0.412227024,0.528695239
SCH_11,54.7298,589.6855,0.409481634,0.526260682,0.42841933,0.716024368,0.671388632,0.22041066,0.298263093,0.481326247,118.9896354,161.0186036,259.8460286,539.8542676,0.468069524,0.409481634,0.529359989
SCH_11,54.7298,660.23,0.407400365,0.516392373,0.419105246,0.724877119,0.693362029,0.215315996,0.304438146,0.480245858,130.1450454,184.013808,290.2785681,604.4374215,0.465077376,0.407400365,0.529876845
SCH_11,54.7298,730.7745,0.406634092,0.48884414,0.392710067,0.732755972,0.70621037,0.203700962,0.312510161,0.483788877,136.2801348,209.0757277,323.6647128,669.0205754,0.468616145,0.406634092,0.530810795
SCH_11,54.7298,871.8635,0.403064385,0.45373621,0.360815467,0.745495343,0.735457989,0.186489615,0.324600655,0.488909729,148.8535645,259.0919851,390.2413327,798.1868823,0.46946403,0.403064385,0.53071464
SCH_11,54.7298,1012.9525,0.402560228,0.44682093,0.355483032,0.748387071,0.744839256,0.184060901,0.328089349,0.48784975,170.6894639,304.2547047,452.4090223,927.3531908,0.46870131,0.402560228,0.531163325
SCH_11,54.7298,1295.1305,0.402673481,0.432727283,0.342024201,0.7466154,0.746986902,0.177235451,0.329206124,0.493558425,210.1455586,390.3350286,585.2052191,1185.685806,0.47161233,0.402673481,0.531107146
SI,50.20261,95.874,0.681806872,0.814994795,0.599486263,0.169209062,0.139652767,0.550813176,0.05445685,0.394729974,49.53443896,4.89728574,35.49793043,89.92965513,0.352285979,0.681806872,0.707664383
SI,50.20261,166.4185,0.66725958,0.788082005,0.57215979,0.232824354,0.202375696,0.518657461,0.078868956,0.402473583,80.96257525,12.31146617,62.82623928,156.1002807,0.362577173,0.66725958,0.703727915
SI,50.20261,236.963,0.63532212,0.743846395,0.539445151,0.328234473,0.305821843,0.46468613,0.121008361,0.414305509,103.2862072,26.89663807,92.08806096,222.2709063,0.378123855,0.63532212,0.689134154
SI,50.20261,307.5075,0.610964442,0.697196791,0.504969692,0.422674667,0.429119486,0.417226088,0.168389159,0.414384753,120.3453319,48.57042697,119.5257729,288.4415318,0.378420427,0.610964442,0.683750789
SI,50.20261,378.052,0.589154038,0.648547919,0.467727568,0.496868326,0.54146416,0.373669261,0.211288818,0.415041921,132.5076628,74.92558359,147.178911,354.6121574,0.380076582,0.589154038,0.678504838
SI,50.20261,448.5965,0.575906598,0.614118112,0.44257671,0.545359192,0.626057,0.344951013,0.242044056,0.413004931,145.1494472,101.8479715,173.7853643,420.782783,0.37772466,0.575906598,0.676627341
SI,50.20261,519.141,0.56171413,0.568705909,0.408813714,0.589943969,0.708915851,0.31030214,0.274741673,0.414956187,151.1026848,133.7863941,202.0643297,486.9534086,0.378724117,0.56171413,0.67373081
SI,50.20261,589.6855,0.55199688,0.540893172,0.387380783,0.621858045,0.771503822,0.289812458,0.29733622,0.412851321,160.3022359,164.4638095,228.3579882,553.1240336,0.377478029,0.55199688,0.672321233
SI,50.20261,660.23,0.544393159,0.511010819,0.364025936,0.641160759,0.811157415,0.270153319,0.313228135,0.416618545,167.3045078,193.9805113,258.0096401,619.2946591,0.380620203,0.544393159,0.669636544
SI,50.20261,730.7745,0.539411517,0.498044803,0.35457316,0.658129342,0.854476736,0.260823993,0.326475954,0.412700053,178.7857928,223.7879329,282.8915596,685.4652853,0.37724036,0.539411517,0.669977096
SI,50.20261,871.8635,0.532250593,0.465406281,0.329916119,0.680107968,0.904034066,0.2395186,0.346009533,0.414471866,195.8798767,282.9688577,338.9578012,817.8065356,0.379234593,0.532250593,0.668850761
SI,50.20261,1012.9525,0.525411041,0.441718127,0.313296105,0.690429091,0.927555236,0.223963777,0.356547995,0.419488228,212.7986872,338.7732886,398.5758117,950.1477876,0.382437847,0.525411041,0.665145332
SI,50.20261,1154.0415,0.523520823,0.432281199,0.305323451,0.696551822,0.945792232,0.217885197,0.362737072,0.419377731,235.8583374,392.6589044,453.9717969,1082.489039,0.382501575,0.523520823,0.665114313
SI,50.20261,1295.1305,0.523168166,0.407904749,0.28548932,0.695806294,0.948396544,0.205743626,0.36896752,0.425288855,249.9435888,448.2329193,516.653783,1214.830291,0.388277395,0.523168166,0.665286768
SI,50.20261,1436.2195,0.522717561,0.409020676,0.287195186,0.698214463,0.953716131,0.206417351,0.369310492,0.424272157,278.0795808,497.5245846,571.5673755,1347.171541,0.387085509,0.522717561,0.665233319
SI,50.20261,95.874,0.520006139,0.853811618,0.763439947,0.249284299,0.174894131,0.447335243,0.078811053,0.473853704,40.22870413,7.087450816,42.61350018,89.92965513,0.473924542,0.520006139,0.557354002
SI,50.20261,166.4185,0.505188794,0.833415135,0.738878106,0.322032837,0.233790213,0.424180781,0.104078949,0.47174027,66.21473898,16.24675315,73.63878856,156.1002807,0.46987746,0.505188794,0.554251335
SI,50.20261,236.963,0.485200979,0.802400671,0.70447337,0.424687379,0.330404081,0.392781761,0.143358482,0.463859757,87.30395798,31.86441972,103.1025286,222.2709063,0.457696739,0.485200979,0.552186759
SI,50.20261,307.5075,0.463847262,0.753348298,0.652288,0.531319667,0.44864458,0.353902471,0.189782488,0.456315041,102.0801709,54.74115156,131.6202094,288.4415318,0.446655786,0.463847262,0.550804548
SI,50.20261,378.052,0.449995153,0.71208271,0.607591078,0.599642508,0.543280084,0.325069025,0.224427674,0.450503301,115.2734283,79.58478166,159.7539475,354.6121574,0.437639593,0.449995153,0.551573882
SI,50.20261,448.5965,0.438975271,0.672789215,0.568511753,0.653426092,0.62536701,0.299678304,0.253833473,0.446488223,126.0994708,106.8087552,187.874557,420.782783,0.430706172,0.438975271,0.552376343
SI,50.20261,519.141,0.429080866,0.633991156,0.529066988,0.69583185,0.700662821,0.276090609,0.280507511,0.443401879,134.4432631,136.5940886,215.9160563,486.9534081,0.425359787,0.429080866,0.55271697
SI,50.20261,589.6855,0.422583739,0.608176267,0.505653012,0.722713958,0.757248855,0.261448948,0.298388488,0.440162564,144.6136968,165.0458442,243.4644931,553.1240341,0.41998678,0.422583739,0.553293821
SI,50.20261,660.23,0.419959673,0.571201737,0.468000292,0.739263089,0.794457117,0.243704924,0.313767679,0.442527397,150.925158,194.314648,274.0548537,619.2946597,0.420698776,0.419959673,0.555402669
SI,50.20261,730.7745,0.414213089,0.555026147,0.454435167,0.757834564,0.838709023,0.23355225,0.326406536,0.440041214,160.0919597,223.7403493,301.6329763,685.4652853,0.41607679,0.414213089,0.554665722
SI,50.20261,871.8635,0.410925176,0.516007283,0.417752694,0.779281282,0.891649058,0.215499733,0.34537061,0.439129656,176.2370902,282.4463423,359.123103,817.8065356,0.413585709,0.410925176,0.55785482
SI,50.20261,1012.9525,0.408007813,0.491810236,0.39501483,0.785379424,0.91086911,0.203551281,0.352948928,0.443499791,193.4037993,335.3536431,421.3903452,950.1477876,0.41571049,0.408007813,0.556778487
SI,50.20261,1154.0415,0.405781218,0.482356228,0.387378254,0.795174136,0.937621146,0.198826394,0.359509764,0.441663842,215.2273921,389.1653788,478.0962678,1082.489039,0.412686817,0.405781218,0.557197813
SI,50.20261,1295.1305,0.404581329,0.449952186,0.357022587,0.794032968,0.939175413,0.184025993,0.365327321,0.450646686,223.5603504,443.8106953,547.4592442,1214.83029,0.419298479,0.404581329,0.556063358
SI,50.20261,1436.2195,0.403664902,0.451039955,0.358542382,0.794438791,0.945537804,0.184817933,0.365239285,0.449942782,248.9814596,492.0399704,606.150111,1347.171541,0.418120531,0.403664902,0.555420986
SI,50.20261,95.874,0.573543023,0.839306272,0.724447834,0.236053726,0.185776354,0.485052735,0.077384984,0.437562282,43.62062518,6.959204923,39.34982512,89.92965522,0.424664227,0.573543023,0.612039588
SI,50.20261,166.4185,0.557720191,0.816585581,0.700291256,0.285781936,0.228400529,0.459660963,0.096414522,0.443924515,71.75320535,15.05033395,69.2967414,156.1002807,0.432547391,0.557720191,0.604801448
SI,50.20261,236.963,0.53801607,0.777539044,0.654006097,0.369991194,0.317059714,0.421991598,0.132466493,0.445541909,93.79645493,29.44344745,99.03100389,222.2709063,0.432056844,0.53801607,0.601296189
SI,50.20261,307.5075,0.518669561,0.742563593,0.619077736,0.448769908,0.413570647,0.388640718,0.169005957,0.442353324,112.100124,48.74833713,127.5930704,288.4415316,0.425959911,0.518669561,0.598401832
SI,50.20261,378.052,0.504214816,0.694810343,0.570110024,0.50464007,0.48535955,0.353948297,0.199437213,0.44661449,125.5143692,70.72286037,158.3749278,354.6121574,0.428019309,0.504214816,0.595621585
SI,50.20261,448.5965,0.492731333,0.662542416,0.53933817,0.546424456,0.545660077,0.329749481,0.223121953,0.447128567,138.7529043,93.88587633,188.1440028,420.7827834,0.426709458,0.492731333,0.59338357
SI,50.20261,519.141,0.484505963,0.628705286,0.506578523,0.573043132,0.586805119,0.307735708,0.24042682,0.451837472,149.8529519,117.0766595,220.0237971,486.9534086,0.428781577,0.484505963,0.591038893
SI,50.20261,589.6855,0.478566713,0.601782483,0.481095075,0.597519354,0.626570074,0.291168701,0.256289634,0.452541665,161.0524065,141.7599563,250.3116714,553.1240341,0.428271706,0.478566713,0.590990569
SI,50.20261,660.23,0.472073137,0.574687047,0.455756559,0.618211581,0.657627247,0.274410686,0.269929066,0.455660248,169.9410724,167.1656291,282.1879582,619.2946597,0.430238615,0.472073137,0.588804929
SI,50.20261,730.7745,0.469338765,0.563863423,0.445891008,0.629968093,0.684774788,0.267509687,0.278244533,0.45424578,183.3686039,190.7269682,311.3697132,685.4652853,0.427554991,0.469338765,0.589509847
SI,50.20261,871.8635,0.462831447,0.537982296,0.424184245,0.65185006,0.719006728,0.251096486,0.292727661,0.456175853,205.3483475,239.3945946,373.0635943,817.8065364,0.42783593,0.462831447,0.587753104
SI,50.20261,1012.9525,0.459057666,0.517629234,0.405557296,0.660605378,0.738734099,0.240284543,0.300718568,0.458996889,228.3058269,285.7270821,436.1148786,950.1477876,0.429311541,0.459057666,0.586468548
SI,50.20261,1154.0415,0.457759089,0.482444324,0.371848237,0.663322972,0.743242532,0.222742752,0.307349366,0.469907882,241.1165875,332.7023197,508.6701315,1082.489039,0.438280024,0.457759089,0.585336232
SI,50.20261,1295.1305,0.456403323,0.462901364,0.35382794,0.66745238,0.75487742,0.213338085,0.313995777,0.472666138,259.1695676,381.4515808,574.2091414,1214.83029,0.440970167,0.456403323,0.585591459
SI,50.20261,1436.2195,0.454841188,0.477492715,0.369194836,0.670136677,0.75809913,0.218589319,0.311697382,0.469713299,294.4773097,419.9098424,632.7843888,1347.171541,0.43634542,0.454841188,0.584334531
SI,50.20261,95.874,0.5977595,0.882099187,0.779896011,0.261502943,0.21675691,0.530515324,0.080842689,0.388641987,47.70906013,7.270155141,34.95043986,89.92965513,0.387172059,0.5977595,0.641103
SI,50.20261,166.4185,0.569825882,0.865597845,0.761728923,0.35344957,0.304726692,0.495335757,0.114397028,0.390267215,77.32205071,17.85740818,60.92082181,156.1002807,0.395360582,0.569825882,0.630572867
SI,50.20261,236.963,0.540848239,0.82509375,0.712787577,0.476444971,0.453453602,0.44788816,0.166858483,0.385253358,99.55250723,37.08778624,85.63061303,222.2709065,0.386525856,0.540848239,0.627320919
SI,50.20261,307.5075,0.512327355,0.779419825,0.664276586,0.588538208,0.625786491,0.402080415,0.222821246,0.375098339,115.9766908,64.27090152,108.1939395,288.4415318,0.37348351,0.512327355,0.625424804
SI,50.20261,378.052,0.49088621,0.731368656,0.615167859,0.670174691,0.779236182,0.361946635,0.270348587,0.367704778,128.3506771,95.86889569,130.3925846,354.6121574,0.36286569,0.49088621,0.625496939
SI,50.20261,448.5965,0.474420681,0.68449346,0.567739484,0.726152806,0.9050946,0.327950973,0.307917567,0.364131461,137.9961231,129.5664108,153.2202495,420.7827834,0.356222813,0.474420681,0.62506996
SI,50.20261,519.141,0.463863072,0.646863193,0.531895543,0.760586655,0.997307328,0.303622944,0.33493168,0.361445377,147.8502275,163.0961232,176.0070583,486.953409,0.351366038,0.463863072,0.625436698
SI,50.20261,589.6855,0.454836887,0.618153934,0.504700916,0.788020273,1.073479581,0.284910578,0.356115484,0.358973938,157.5908883,196.9760331,198.5571127,553.1240341,0.347122222,0.454836887,0.625061217
SI,50.20261,660.23,0.445757392,0.581504675,0.470713629,0.815036004,1.158248218,0.263053402,0.379536011,0.357410587,162.9075671,235.0446248,221.3424678,619.2946597,0.34340919,0.445757392,0.625065974
SI,50.20261,730.7745,0.440304354,0.565401495,0.457145429,0.832009795,1.219035209,0.252368698,0.393637965,0.353993337,172.9899816,269.82516,242.6501437,685.4652853,0.338542199,0.440304354,0.625860216
SI,50.20261,871.8635,0.431353826,0.523176139,0.419166848,0.859349193,1.316810701,0.229708562,0.419439242,0.350852196,187.8571635,343.0201537,286.9292192,817.8065364,0.334313968,0.431353826,0.626477437
SI,50.20261,1012.9525,0.426668244,0.50656618,0.404846495,0.868754864,1.364711433,0.219580762,0.428860215,0.351559022,208.6341752,407.4805845,334.033027,950.1477866,0.331599514,0.426668244,0.625806631
SI,50.20261,1154.0415,0.425350845,0.477274084,0.376352996,0.870545376,1.387918054,0.206310818,0.437879697,0.355809485,223.3291991,473.9999723,385.1598674,1082.489039,0.334010498,0.425350845,0.626142413
SI,50.20261,1295.1305,0.423561371,0.464260139,0.365544397,0.873934466,1.4080964,0.199996949,0.443041643,0.356961408,242.9623515,538.2204076,433.6475307,1214.83029,0.333410035,0.423561371,0.626029951
SI,50.20261,1436.2195,0.420709895,0.459796815,0.361990301,0.880597667,1.432431257,0.196285424,0.44745432,0.356260256,264.4301371,602.7977258,479.9436781,1347.171541,0.331852867,0.420709895,0.625270433